/*
SQLyog Professional v12.09 (64 bit)
MySQL - 10.1.32-MariaDB : Database - toppcvn_leotea_kho
*********************************************************************
*/

/*!40101 SET NAMES utf8 */;

/*!40101 SET SQL_MODE=''*/;

/*!40014 SET @OLD_UNIQUE_CHECKS=@@UNIQUE_CHECKS, UNIQUE_CHECKS=0 */;
/*!40014 SET @OLD_FOREIGN_KEY_CHECKS=@@FOREIGN_KEY_CHECKS, FOREIGN_KEY_CHECKS=0 */;
/*!40101 SET @OLD_SQL_MODE=@@SQL_MODE, SQL_MODE='NO_AUTO_VALUE_ON_ZERO' */;
/*!40111 SET @OLD_SQL_NOTES=@@SQL_NOTES, SQL_NOTES=0 */;
CREATE DATABASE /*!32312 IF NOT EXISTS*/`toppcvn_leotea_kho` /*!40100 DEFAULT CHARACTER SET utf8mb4 COLLATE utf8mb4_unicode_ci */;

USE `toppcvn_leotea_kho`;

/*Table structure for table `admin_nqt_groups` */

DROP TABLE IF EXISTS `admin_nqt_groups`;

CREATE TABLE `admin_nqt_groups` (
  `id` int(11) NOT NULL AUTO_INCREMENT,
  `name` varchar(255) NOT NULL,
  `permission` varchar(255) NOT NULL,
  `status` tinyint(1) NOT NULL,
  `created` datetime NOT NULL,
  PRIMARY KEY (`id`)
) ENGINE=MyISAM AUTO_INCREMENT=3 DEFAULT CHARSET=utf8;

/*Data for the table `admin_nqt_groups` */

insert  into `admin_nqt_groups`(`id`,`name`,`permission`,`status`,`created`) values (1,'Root','0|rwd,2|rwd,1|rwd,4|rwd,3|rwd,185|rwd,12|rwd,8|rwd,7|rwd,84|rwd,83|rwd,105|rwd,118|rwd,150|rwd,155|rwd,177|rwd,176|rwd,184|rwd,188|rwd,193|rwd,199|rwd,204|rwd,211|rwd,215|rwd,121|rwd,121|rwd,218|rwd,237|rwd,235|rwd,245|rwd',1,'2012-08-28 14:51:26');

/*Table structure for table `admin_nqt_logs` */

DROP TABLE IF EXISTS `admin_nqt_logs`;

CREATE TABLE `admin_nqt_logs` (
  `id` int(11) NOT NULL AUTO_INCREMENT,
  `function` varchar(50) NOT NULL,
  `function_id` int(11) NOT NULL,
  `field` varchar(50) NOT NULL,
  `type` varchar(20) NOT NULL,
  `old_value` text,
  `new_value` text NOT NULL,
  `account` varchar(50) NOT NULL,
  `ip` varchar(50) NOT NULL,
  `created` datetime NOT NULL,
  PRIMARY KEY (`id`)
) ENGINE=MyISAM AUTO_INCREMENT=1208 DEFAULT CHARSET=utf8;

/*Data for the table `admin_nqt_logs` */

insert  into `admin_nqt_logs`(`id`,`function`,`function_id`,`field`,`type`,`old_value`,`new_value`,`account`,`ip`,`created`) values (1,'banners',1,'Add new','Add new','','','admin','::1','2015-12-02 13:31:08'),(2,'banners',1,'title','Update','aaa','aaabbb','admin','::1','2015-12-02 13:33:42'),(3,'banners',1,'Delete','Delete','','','admin','::1','2015-12-02 13:34:14'),(4,'banners',1,'Delete','Delete','','','admin','::1','2015-12-02 13:34:35'),(5,'banners',1,'Delete','Delete','','','admin','::1','2015-12-02 13:35:38'),(6,'banners',1,'Delete','Delete','','','admin','::1','2015-12-02 13:35:57'),(7,'categories',1,'Add new','Add new','','','admin','::1','2015-12-02 13:51:04'),(8,'categories',1,'status','update','1','0','admin','::1','2015-12-02 13:51:09'),(9,'categories',1,'status','update','0','1','admin','::1','2015-12-02 13:51:09'),(10,'categories',1,'Delete','Delete','','','admin','::1','2015-12-02 13:51:13'),(11,'banners',2,'Add new','Add new','','','admin','::1','2015-12-02 13:52:51'),(12,'banners',2,'Delete','Delete','','','admin','::1','2015-12-02 13:52:57'),(13,'banners',3,'Add new','Add new','','','admin','::1','2015-12-02 13:53:47'),(14,'banners',3,'Delete','Delete','','','admin','::1','2015-12-02 14:04:25'),(15,'banners',3,'Delete','Delete','','','admin','::1','2015-12-02 14:04:56'),(16,'banners',3,'Delete','Delete','','','admin','::1','2015-12-02 14:05:09'),(17,'banners',4,'Add new','Add new','','','admin','::1','2015-12-02 14:06:04'),(18,'banners',4,'Delete','Delete','','','admin','::1','2015-12-02 14:06:13'),(19,'banners',4,'Delete','Delete','','','admin','::1','2015-12-02 14:06:30'),(20,'banners',2,'Delete','Delete','','','admin','::1','2015-12-02 14:08:33'),(21,'categories',1,'Delete','Delete','','','admin','::1','2015-12-02 14:08:52'),(22,'admincp_accounts',2,'status','update','1','0','admin','::1','2015-12-02 14:09:19'),(23,'menus',1,'Add new','Add new','','','admin','::1','2015-12-02 14:15:38'),(24,'menus',1,'Delete','Delete','','','admin','::1','2015-12-02 14:15:44'),(25,'menus',1,'Delete','Delete','','','admin','::1','2015-12-02 14:16:13'),(26,'menus',1,'Delete','Delete','','','admin','::1','2015-12-02 14:16:55'),(27,'categories',2,'Add new','Add new','','','admin','::1','2015-12-02 14:25:09'),(28,'news',1,'Add new','Add new','','','admin','::1','2015-12-02 14:25:30'),(29,'news',1,'Delete','Delete','','','admin','::1','2015-12-02 14:25:37'),(30,'categories',2,'Delete','Delete','','','admin','::1','2015-12-02 14:26:45'),(31,'news',1,'Delete','Delete','','','admin','::1','2015-12-02 14:27:06'),(32,'menus',2,'Add new','Add new','','','admin','::1','2015-12-02 14:27:21'),(33,'menus',2,'Delete','Delete','','','admin','::1','2015-12-02 14:27:26'),(34,'banners',5,'Add new','Add new','','','admin','::1','2015-12-02 14:27:50'),(35,'banners',5,'Delete','Delete','','','admin','::1','2015-12-02 14:27:55'),(36,'banners',6,'Add new','Add new','','','admin','::1','2015-12-02 14:29:59'),(37,'banners',6,'Delete','Delete','','','admin','::1','2015-12-02 14:30:07'),(38,'banners',6,'Delete','Delete','','','admin','::1','2015-12-02 14:30:16'),(39,'banners',7,'Add new','Add new','','','admin','::1','2015-12-02 14:30:31'),(40,'banners',5,'Delete','Delete','','','admin','::1','2015-12-02 14:30:37'),(41,'banners',2,'Delete','Delete','','','admin','::1','2015-12-02 14:30:56'),(42,'banners',8,'Add new','Add new','','','admin','::1','2015-12-02 14:31:09'),(43,'banners',8,'Delete','Delete','','','admin','::1','2015-12-02 14:31:16'),(44,'banners',9,'Add new','Add new','','','admin','::1','2015-12-02 14:31:46'),(45,'banners',9,'Delete','Delete','','','admin','::1','2015-12-02 14:31:51'),(46,'banners',8,'Delete','Delete','','','admin','::1','2015-12-02 14:33:17'),(47,'banners',10,'Add new','Add new','','','admin','::1','2015-12-02 14:34:35'),(48,'banners',10,'Delete','Delete','','','admin','::1','2015-12-02 14:34:43'),(49,'banners',10,'Delete','Delete','','','admin','::1','2015-12-02 14:35:04'),(50,'banners',7,'Delete','Delete','','','admin','::1','2015-12-02 14:35:13'),(51,'banners',11,'Add new','Add new','','','admin','::1','2015-12-02 14:35:39'),(52,'banners',11,'Delete','Delete','','','admin','::1','2015-12-02 14:35:46'),(53,'banners',12,'Add new','Add new','','','admin','::1','2015-12-02 14:36:02'),(54,'banners',12,'Delete','Delete','','','admin','::1','2015-12-02 14:36:07'),(55,'banners',12,'Delete','Delete','','','admin','::1','2015-12-02 14:36:59'),(56,'banners',13,'Add new','Add new','','','admin','::1','2015-12-02 14:37:22'),(57,'banners',13,'Delete','Delete','','','admin','::1','2015-12-02 14:37:28'),(58,'banners',13,'Delete','Delete','','','admin','::1','2015-12-02 14:37:36'),(59,'banners',11,'Delete','Delete','','','admin','::1','2015-12-02 14:37:43'),(60,'categories',3,'Add new','Add new','','','admin','::1','2015-12-02 14:38:02'),(61,'categories',3,'Delete','Delete','','','admin','::1','2015-12-02 14:38:12'),(62,'categories',4,'Add new','Add new','','','admin','::1','2015-12-02 14:38:25'),(63,'categories',3,'Delete','Delete','','','admin','::1','2015-12-02 14:38:31'),(64,'categories',5,'Add new','Add new','','','admin','::1','2015-12-02 14:39:04'),(65,'categories',5,'Delete','Delete','','','admin','::1','2015-12-02 14:39:10'),(66,'categories',5,'Delete','Delete','','','admin','::1','2015-12-02 14:39:15'),(67,'categories',6,'Add new','Add new','','','admin','::1','2015-12-02 14:43:15'),(68,'categories',6,'Delete','Delete','','','admin','::1','2015-12-02 14:43:43'),(69,'categories',6,'Delete','Delete','','','admin','::1','2015-12-02 14:43:49'),(70,'news',2,'Add new','Add new','','','admin','::1','2015-12-02 14:48:28'),(71,'categories',2,'Delete','Delete','','','admin','::1','2015-12-02 14:49:53'),(72,'admincp_accounts',4,'Add new','Add new','','','admin','::1','2015-12-02 14:52:42'),(73,'admincp_accounts',4,'status','update','1','0','admin','::1','2015-12-02 14:52:51'),(74,'admincp_accounts',4,'status','update','0','1','admin','::1','2015-12-02 14:52:52'),(75,'admincp_accounts',4,'status','update','1','0','admin','::1','2015-12-02 14:52:52'),(76,'admincp_accounts',4,'status','update','0','1','admin','::1','2015-12-02 14:52:52'),(77,'admincp_accounts',4,'status','update','1','0','admin','::1','2015-12-02 14:57:25'),(78,'admincp_accounts',4,'status','update','0','1','admin','::1','2015-12-02 14:57:26'),(79,'admincp_accounts',4,'status','update','1','0','admin','::1','2015-12-02 14:57:26'),(80,'admincp_accounts',4,'status','update','0','1','admin','::1','2015-12-02 14:57:27'),(81,'admincp_accounts',4,'status','update','1','0','admin','::1','2015-12-02 14:57:28'),(82,'admincp_accounts',4,'status','update','0','1','admin','::1','2015-12-02 14:57:28'),(83,'admincp_accounts',4,'Delete','Delete','','','admin','::1','2015-12-02 14:57:36'),(84,'admincp_accounts',4,'Delete','Delete','','','admin','::1','2015-12-02 14:59:09'),(85,'banners',9,'Delete','Delete','','','admin','::1','2015-12-02 15:00:43'),(86,'admincp_accounts',4,'Delete','Delete','','','admin','::1','2015-12-02 15:01:18'),(87,'admincp_accounts',4,'Delete','Delete','','','admin','::1','2015-12-02 15:09:16'),(88,'admincp_accounts',4,'Delete','Delete','','','admin','::1','2015-12-02 15:10:23'),(89,'admincp_accounts',4,'Delete','Delete','','','admin','::1','2015-12-02 15:14:44'),(90,'admincp_accounts',4,'Delete','Delete','','','admin','::1','2015-12-02 15:15:17'),(91,'admincp_accounts',2,'Delete','Delete','','','admin','::1','2015-12-02 15:19:18'),(92,'admincp_accounts',4,'Delete','Delete','','','admin','::1','2015-12-02 15:20:27'),(93,'categories',4,'Delete','Delete','','','admin','::1','2015-12-02 15:24:34'),(94,'categories',4,'Delete','Delete','','','admin','::1','2015-12-02 15:24:44'),(95,'banners',14,'Add new','Add new','','','admin','::1','2015-12-02 15:25:03'),(96,'banners',7,'Delete','Delete','','','admin','::1','2015-12-02 15:25:10'),(97,'admincp_accounts',4,'Delete','Delete','','','admin','::1','2015-12-02 15:28:23'),(98,'admincp_accounts',4,'Delete','Delete','','','admin','::1','2015-12-02 15:34:17'),(99,'admincp_accounts',4,'Delete','Delete','','','admin','::1','2015-12-02 15:35:23'),(100,'admincp_accounts',4,'Delete','Delete','','','admin','::1','2015-12-02 15:38:24'),(101,'admincp_accounts',4,'Delete','Delete','','','admin','::1','2015-12-02 15:43:00'),(102,'admincp_accounts',4,'status','update','1','0','admin','::1','2015-12-02 15:44:02'),(103,'admincp_accounts',4,'status','update','0','1','admin','::1','2015-12-02 15:44:04'),(104,'admincp_accounts',4,'status','update','1','0','admin','::1','2015-12-02 15:44:04'),(105,'admincp_accounts',4,'status','update','0','1','admin','::1','2015-12-02 15:44:05'),(106,'admincp_accounts',4,'Delete','Delete','','','admin','::1','2015-12-02 15:48:43'),(107,'banners',14,'status','update','1','0','admin','::1','2015-12-30 09:51:18'),(108,'banners',14,'status','update','0','1','admin','::1','2015-12-30 09:51:18'),(109,'banners',14,'status','update','1','0','admin','::1','2015-12-30 09:51:19'),(110,'banners',14,'status','update','0','1','admin','::1','2015-12-30 09:51:19'),(111,'banners',14,'status','update','1','0','admin','::1','2015-12-30 09:51:22'),(112,'banners',14,'status','update','0','1','admin','::1','2015-12-30 09:51:23'),(113,'banners',14,'status','update','1','0','admin','::1','2015-12-30 09:51:23'),(114,'banners',14,'status','update','0','1','admin','::1','2015-12-30 09:51:24'),(115,'banners',14,'status','update','1','0','admin','::1','2015-12-30 09:51:24'),(116,'banners',14,'status','update','0','1','admin','::1','2015-12-30 09:51:24'),(117,'banners',14,'status','update','1','0','admin','::1','2015-12-30 09:51:25'),(118,'banners',14,'status','update','0','1','admin','::1','2015-12-30 09:51:26'),(119,'banners',14,'status','update','1','0','admin','::1','2015-12-30 09:51:26'),(120,'banners',14,'Delete','Delete','','','admin','::1','2015-12-30 09:51:32'),(121,'banners',15,'Add new','Add new','','','admin','::1','2016-01-26 09:21:08'),(122,'banners',15,'Delete','Delete','','','admin','::1','2016-01-27 09:45:09'),(123,'banners',15,'Delete','Delete','','','admin','::1','2016-01-27 09:45:14'),(124,'menus',2,'Delete','Delete','','','admin','::1','2016-02-18 15:07:06'),(125,'menus',1,'Delete','Delete','','','admin','::1','2016-02-18 15:07:26'),(126,'news',3,'Add new','Add new','','','admin','::1','2016-02-18 15:16:27'),(127,'news',4,'Add new','Add new','','','admin','::1','2016-02-18 15:17:16'),(128,'news',5,'Add new','Add new','','','admin','::1','2016-02-18 15:17:38'),(129,'news',6,'Add new','Add new','','','admin','::1','2016-02-18 15:19:44'),(130,'news',7,'Add new','Add new','','','admin','::1','2016-02-18 15:20:10'),(131,'news',6,'status','update','1','0','admin','::1','2016-02-18 15:24:14'),(132,'news',5,'status','update','1','0','admin','::1','2016-02-18 15:24:14'),(133,'news',7,'status','update','1','0','admin','::1','2016-02-18 15:24:14'),(134,'news',4,'status','update','1','0','admin','::1','2016-02-18 15:24:14'),(135,'news',3,'status','update','1','0','admin','::1','2016-02-18 15:24:14'),(136,'news',7,'status','update','0','1','admin','::1','2016-02-18 15:25:02'),(137,'news',6,'status','update','0','1','admin','::1','2016-02-18 15:25:02'),(138,'news',3,'status','update','0','1','admin','::1','2016-02-18 15:25:02'),(139,'news',4,'status','update','0','1','admin','::1','2016-02-18 15:25:02'),(140,'news',5,'status','update','0','1','admin','::1','2016-02-18 15:25:02'),(141,'news',6,'status','update','1','0','admin','::1','2016-02-18 15:25:12'),(142,'news',7,'status','update','1','0','admin','::1','2016-02-18 15:25:12'),(143,'news',4,'status','update','1','0','admin','::1','2016-02-18 15:25:12'),(144,'news',3,'status','update','1','0','admin','::1','2016-02-18 15:25:12'),(145,'news',5,'status','update','1','0','admin','::1','2016-02-18 15:25:12'),(146,'news',3,'status','update','0','1','admin','::1','2016-02-18 15:25:24'),(147,'news',5,'status','update','0','1','admin','::1','2016-02-18 15:25:24'),(148,'news',6,'status','update','0','1','admin','::1','2016-02-18 15:25:24'),(149,'news',7,'status','update','0','1','admin','::1','2016-02-18 15:25:24'),(150,'news',4,'status','update','0','1','admin','::1','2016-02-18 15:25:24'),(151,'news',4,'status','update','1','0','admin','::1','2016-02-18 15:26:38'),(152,'news',7,'status','update','1','0','admin','::1','2016-02-18 15:26:38'),(153,'news',6,'status','update','1','0','admin','::1','2016-02-18 15:26:38'),(154,'news',3,'status','update','1','0','admin','::1','2016-02-18 15:26:38'),(155,'news',5,'status','update','1','0','admin','::1','2016-02-18 15:26:38'),(156,'news',4,'status','update','0','1','admin','::1','2016-02-18 15:26:51'),(157,'news',7,'status','update','0','1','admin','::1','2016-02-18 15:26:51'),(158,'news',3,'status','update','0','1','admin','::1','2016-02-18 15:26:51'),(159,'news',5,'status','update','0','1','admin','::1','2016-02-18 15:26:51'),(160,'news',6,'status','update','0','1','admin','::1','2016-02-18 15:26:51'),(161,'banners',14,'Delete','Delete','','','admin','::1','2016-02-19 09:23:11'),(162,'banners',16,'Add new','Add new','','','admin','::1','2016-02-19 09:24:00'),(163,'banners',16,'Trash','Trash','','','admin','::1','2016-02-19 09:24:10'),(164,'banners',16,'Restore','Restore','','','admin','::1','2016-02-19 09:40:05'),(165,'banners',16,'Trash','Trash','','','admin','::1','2016-02-19 09:40:32'),(166,'banners',16,'Restore','Restore','','','admin','::1','2016-02-19 09:40:39'),(167,'banners',16,'Trash','Trash','','','admin','::1','2016-02-19 09:41:35'),(168,'banners',16,'Restore','Restore','','','admin','::1','2016-02-19 09:41:38'),(169,'banners',16,'Trash','Trash','','','admin','::1','2016-02-19 09:41:47'),(170,'banners',16,'Restore','Restore','','','admin','::1','2016-02-19 09:44:41'),(171,'banners',16,'Restore','Restore','','','admin','::1','2016-02-19 09:44:56'),(172,'banners',16,'Trash','Trash','','','admin','::1','2016-02-19 10:20:52'),(173,'categories',2,'Restore','Restore','','','admin','::1','2016-02-22 08:58:56'),(174,'categories',2,'Delete','Delete','','','admin','::1','2016-02-22 08:59:01'),(175,'categories',2,'Restore','Restore','','','admin','::1','2016-02-22 08:59:07'),(176,'categories',2,'Delete','Delete','','','admin','::1','2016-02-22 08:59:16'),(177,'categories',2,'Restore','Restore','','','admin','::1','2016-02-22 08:59:20'),(178,'categories',2,'Delete','Delete','','','admin','::1','2016-02-22 08:59:38'),(179,'categories',2,'Restore','Restore','','','admin','::1','2016-02-22 08:59:45'),(180,'categories',2,'Delete','Delete','','','admin','::1','2016-02-22 09:00:39'),(181,'categories',2,'Restore','Restore','','','admin','::1','2016-02-22 09:00:43'),(182,'categories',2,'Delete','Delete','','','admin','::1','2016-02-22 09:01:03'),(183,'categories',2,'Restore','Restore','','','admin','::1','2016-02-22 09:01:09'),(184,'categories',2,'Delete','Delete','','','admin','::1','2016-02-22 09:01:33'),(185,'categories',2,'Restore','Restore','','','admin','::1','2016-02-22 09:01:37'),(186,'categories',2,'Delete','Delete','','','admin','::1','2016-02-22 09:02:21'),(187,'categories',2,'Restore','Restore','','','admin','::1','2016-02-22 09:02:25'),(188,'categories',2,'Delete','Delete','','','admin','::1','2016-02-22 09:02:55'),(189,'categories',2,'Restore','Restore','','','admin','::1','2016-02-22 09:03:00'),(190,'categories',2,'Delete','Delete','','','admin','::1','2016-02-22 09:04:07'),(191,'categories',2,'Restore','Restore','','','admin','::1','2016-02-22 09:04:11'),(192,'categories',2,'Delete','Delete','','','admin','::1','2016-02-22 09:04:34'),(193,'categories',2,'Restore','Restore','','','admin','::1','2016-02-22 09:04:40'),(194,'categories',2,'Delete','Delete','','','admin','::1','2016-02-22 09:05:02'),(195,'categories',2,'Restore','Restore','','','admin','::1','2016-02-22 09:05:06'),(196,'categories',2,'Delete','Delete','','','admin','::1','2016-02-22 09:06:28'),(197,'categories',2,'Restore','Restore','','','admin','::1','2016-02-22 09:06:32'),(198,'banners',16,'Restore','Restore','','','admin','::1','2016-02-22 09:09:03'),(199,'banners',16,'Trash','Trash','','','admin','::1','2016-02-22 09:10:38'),(200,'banners',16,'Restore','Restore','','','admin','::1','2016-02-22 09:10:48'),(201,'banners',16,'Trash','Trash','','','admin','::1','2016-02-22 09:11:01'),(202,'categories',2,'Delete','Delete','','','admin','::1','2016-02-22 09:11:47'),(203,'categories',2,'Restore','Restore','','','admin','::1','2016-02-22 09:11:50'),(204,'categories',2,'Delete','Delete','','','admin','::1','2016-02-22 09:11:57'),(205,'categories',2,'Restore','Restore','','','admin','::1','2016-02-22 09:12:08'),(206,'categories',2,'Delete','Delete','','','admin','::1','2016-02-22 09:12:14'),(207,'categories',2,'Restore','Restore','','','admin','::1','2016-02-22 09:12:22'),(208,'categories',2,'Delete','Delete','','','admin','::1','2016-02-22 09:12:50'),(209,'categories',2,'Restore','Restore','','','admin','::1','2016-02-22 09:13:02'),(210,'categories',2,'Delete','Delete','','','admin','::1','2016-02-22 09:13:21'),(211,'categories',2,'Restore','Restore','','','admin','::1','2016-02-22 09:13:26'),(212,'banners',16,'Restore','Restore','','','admin','::1','2016-02-22 09:13:42'),(213,'banners',16,'Trash','Trash','','','admin','::1','2016-02-22 09:13:47'),(214,'banners',16,'Restore','Restore','','','admin','::1','2016-02-22 09:14:01'),(215,'banners',16,'Trash','Trash','','','admin','::1','2016-02-22 09:14:13'),(216,'banners',16,'Restore','Restore','','','admin','::1','2016-02-22 09:14:17'),(217,'banners',16,'Trash','Trash','','','admin','::1','2016-02-22 09:14:54'),(218,'banners',16,'Restore','Restore','','','admin','::1','2016-02-22 09:14:58'),(219,'banners',16,'Trash','Trash','','','admin','::1','2016-02-22 09:15:21'),(220,'banners',16,'Restore','Restore','','','admin','::1','2016-02-22 09:15:36'),(221,'banners',16,'Trash','Trash','','','admin','::1','2016-02-22 09:16:40'),(222,'banners',16,'Restore','Restore','','','admin','::1','2016-02-22 09:16:49'),(223,'categories',2,'Delete','Delete','','','admin','::1','2016-02-22 09:17:11'),(224,'categories',2,'Restore','Restore','','','admin','::1','2016-02-22 09:17:19'),(225,'categories',2,'Delete','Delete','','','admin','::1','2016-02-22 09:17:24'),(226,'categories',2,'Restore','Restore','','','admin','::1','2016-02-22 09:17:28'),(227,'categories',2,'Delete','Delete','','','admin','::1','2016-02-22 09:17:37'),(228,'categories',2,'Restore','Restore','','','admin','::1','2016-02-22 09:17:44'),(229,'categories',2,'Delete','Delete','','','admin','::1','2016-02-22 09:18:10'),(230,'categories',2,'Restore','Restore','','','admin','::1','2016-02-22 09:18:13'),(231,'categories',2,'Delete','Delete','','','admin','::1','2016-02-22 09:18:56'),(232,'categories',2,'Restore','Restore','','','admin','::1','2016-02-22 09:19:00'),(233,'categories',2,'Delete','Delete','','','admin','::1','2016-02-22 09:19:16'),(234,'categories',2,'Restore','Restore','','','admin','::1','2016-02-22 09:19:20'),(235,'categories',2,'Delete','Delete','','','admin','::1','2016-02-22 09:19:35'),(236,'categories',2,'Restore','Restore','','','admin','::1','2016-02-22 09:19:38'),(237,'categories',2,'Delete','Delete','','','admin','::1','2016-02-22 09:20:16'),(238,'categories',2,'Restore','Restore','','','admin','::1','2016-02-22 09:20:19'),(239,'categories',2,'Delete','Delete','','','admin','::1','2016-02-22 09:20:52'),(240,'categories',2,'Restore','Restore','','','admin','::1','2016-02-22 09:21:06'),(241,'categories',2,'Delete','Delete','','','admin','::1','2016-02-22 09:21:44'),(242,'categories',2,'Restore','Restore','','','admin','::1','2016-02-22 09:21:59'),(243,'categories',2,'Delete','Delete','','','admin','::1','2016-02-22 09:23:19'),(244,'categories',2,'Restore','Restore','','','admin','::1','2016-02-22 09:23:23'),(245,'categories',2,'Delete','Delete','','','admin','::1','2016-02-22 09:23:31'),(246,'categories',2,'Restore','Restore','','','admin','::1','2016-02-22 09:23:36'),(247,'categories',2,'Delete','Delete','','','admin','::1','2016-02-22 09:24:13'),(248,'categories',2,'Restore','Restore','','','admin','::1','2016-02-22 09:24:18'),(249,'categories',2,'Delete','Delete','','','admin','::1','2016-02-22 09:24:52'),(250,'categories',2,'Restore','Restore','','','admin','::1','2016-02-22 09:24:59'),(251,'categories',2,'Delete','Delete','','','admin','::1','2016-02-22 09:25:31'),(252,'categories',2,'Restore','Restore','','','admin','::1','2016-02-22 09:25:39'),(253,'categories',2,'Delete','Delete','','','admin','::1','2016-02-22 09:26:08'),(254,'categories',2,'Restore','Restore','','','admin','::1','2016-02-22 09:26:15'),(255,'categories',2,'Delete','Delete','','','admin','::1','2016-02-22 09:28:52'),(256,'categories',2,'Restore','Restore','','','admin','::1','2016-02-22 09:28:57'),(257,'categories',2,'Delete','Delete','','','admin','::1','2016-02-22 09:29:04'),(258,'categories',2,'Restore','Restore','','','admin','::1','2016-02-22 09:29:10'),(259,'categories',2,'Delete','Delete','','','admin','::1','2016-02-22 09:29:33'),(260,'categories',2,'Restore','Restore','','','admin','::1','2016-02-22 09:29:37'),(261,'categories',2,'Delete','Delete','','','admin','::1','2016-02-22 09:30:29'),(262,'categories',2,'Restore','Restore','','','admin','::1','2016-02-22 09:30:36'),(263,'categories',2,'Delete','Delete','','','admin','::1','2016-02-22 09:33:31'),(264,'categories',2,'Restore','Restore','','','admin','::1','2016-02-22 09:34:00'),(265,'categories',2,'Delete','Delete','','','admin','::1','2016-02-22 09:34:08'),(266,'categories',2,'Restore','Restore','','','admin','::1','2016-02-22 09:34:17'),(267,'categories',2,'Delete','Delete','','','admin','::1','2016-02-22 09:34:41'),(268,'categories',2,'Restore','Restore','','','admin','::1','2016-02-22 09:34:51'),(269,'categories',2,'Delete','Delete','','','admin','::1','2016-02-22 09:36:08'),(270,'categories',2,'Restore','Restore','','','admin','::1','2016-02-22 09:36:21'),(271,'categories',2,'Delete','Delete','','','admin','::1','2016-02-22 09:36:55'),(272,'categories',2,'Restore','Restore','','','admin','::1','2016-02-22 09:37:00'),(273,'categories',2,'Delete','Delete','','','admin','::1','2016-02-22 09:37:45'),(274,'categories',2,'Restore','Restore','','','admin','::1','2016-02-22 09:37:50'),(275,'categories',2,'Delete','Delete','','','admin','::1','2016-02-22 09:38:01'),(276,'categories',2,'Restore','Restore','','','admin','::1','2016-02-22 09:38:05'),(277,'categories',2,'Delete','Delete','','','admin','::1','2016-02-22 09:38:11'),(278,'categories',2,'Restore','Restore','','','admin','::1','2016-02-22 09:38:16'),(279,'categories',2,'Delete','Delete','','','admin','::1','2016-02-22 09:38:23'),(280,'categories',2,'Restore','Restore','','','admin','::1','2016-02-22 09:38:28'),(281,'categories',2,'Delete','Delete','','','admin','::1','2016-02-22 09:38:34'),(282,'categories',2,'Restore','Restore','','','admin','::1','2016-02-22 09:38:38'),(283,'categories',2,'Delete','Delete','','','admin','::1','2016-02-22 09:38:49'),(284,'categories',2,'Restore','Restore','','','admin','::1','2016-02-22 09:38:52'),(285,'categories',2,'Delete','Delete','','','admin','::1','2016-02-22 09:38:57'),(286,'banners',16,'Trash','Trash','','','admin','::1','2016-02-22 09:39:08'),(287,'banners',16,'Restore','Restore','','','admin','::1','2016-02-22 09:39:12'),(288,'banners',16,'Trash','Trash','','','admin','::1','2016-02-22 09:39:17'),(289,'banners',16,'Restore','Restore','','','admin','::1','2016-02-22 09:39:21'),(290,'banners',16,'Trash','Trash','','','admin','::1','2016-02-22 09:39:26'),(291,'banners',16,'Restore','Restore','','','admin','::1','2016-02-22 09:39:30'),(292,'banners',16,'Trash','Trash','','','admin','::1','2016-02-22 09:39:33'),(293,'banners',16,'Restore','Restore','','','admin','::1','2016-02-22 09:39:37'),(294,'banners',16,'Trash','Trash','','','admin','::1','2016-02-22 09:40:08'),(295,'banners',16,'Restore','Restore','','','admin','::1','2016-02-22 09:40:12'),(296,'banners',16,'Trash','Trash','','','admin','::1','2016-02-22 09:40:18'),(297,'banners',16,'Restore','Restore','','','admin','::1','2016-02-22 09:40:22'),(298,'banners',16,'Trash','Trash','','','admin','::1','2016-02-22 09:40:27'),(299,'banners',16,'Restore','Restore','','','admin','::1','2016-02-22 09:40:31'),(300,'banners',16,'Trash','Trash','','','admin','::1','2016-02-22 09:40:38'),(301,'banners',16,'Restore','Restore','','','admin','::1','2016-02-22 09:40:42'),(302,'banners',16,'Trash','Trash','','','admin','::1','2016-02-22 09:40:53'),(303,'banners',16,'Restore','Restore','','','admin','::1','2016-02-22 09:40:59'),(304,'banners',16,'Trash','Trash','','','admin','::1','2016-02-22 09:41:30'),(305,'banners',16,'Restore','Restore','','','admin','::1','2016-02-22 09:41:36'),(306,'banners',16,'Trash','Trash','','','admin','::1','2016-02-22 09:43:22'),(307,'banners',16,'Restore','Restore','','','admin','::1','2016-02-22 09:43:33'),(308,'categories',2,'Restore','Restore','','','admin','::1','2016-02-22 09:43:49'),(309,'categories',2,'Delete','Delete','','','admin','::1','2016-02-22 09:44:02'),(310,'categories',2,'Restore','Restore','','','admin','::1','2016-02-22 09:44:06'),(311,'banners',16,'Trash','Trash','','','admin','::1','2016-02-22 09:44:38'),(312,'banners',16,'Restore','Restore','','','admin','::1','2016-02-22 09:47:27'),(313,'categories',2,'Delete','Delete','','','admin','::1','2016-02-22 09:47:48'),(314,'categories',2,'Restore','Restore','','','admin','::1','2016-02-22 09:48:04'),(315,'categories',2,'Delete','Delete','','','admin','::1','2016-02-22 09:48:17'),(316,'categories',2,'Restore','Restore','','','admin','::1','2016-02-22 09:48:27'),(317,'categories',2,'Delete','Delete','','','admin','::1','2016-02-22 09:52:06'),(318,'categories',2,'Restore','Restore','','','admin','::1','2016-02-22 09:52:17'),(319,'categories',2,'Delete','Delete','','','admin','::1','2016-02-22 09:52:25'),(320,'categories',2,'Restore','Restore','','','admin','::1','2016-02-22 09:52:48'),(321,'categories',2,'Delete','Delete','','','admin','::1','2016-02-22 09:52:57'),(322,'categories',2,'Restore','Restore','','','admin','::1','2016-02-22 09:53:01'),(323,'categories',2,'Delete','Delete','','','admin','::1','2016-02-22 09:53:33'),(324,'categories',2,'Restore','Restore','','','admin','::1','2016-02-22 09:53:37'),(325,'categories',2,'Delete','Delete','','','admin','::1','2016-02-22 09:53:51'),(326,'categories',2,'Restore','Restore','','','admin','::1','2016-02-22 09:53:55'),(327,'categories',2,'Delete','Delete','','','admin','::1','2016-02-22 09:54:12'),(328,'categories',2,'Restore','Restore','','','admin','::1','2016-02-22 09:54:18'),(329,'categories',2,'Delete','Delete','','','admin','::1','2016-02-22 09:54:56'),(330,'categories',2,'Restore','Restore','','','admin','::1','2016-02-22 09:55:20'),(331,'categories',2,'Delete','Delete','','','admin','::1','2016-02-22 09:55:25'),(332,'categories',2,'Restore','Restore','','','admin','::1','2016-02-22 09:55:28'),(333,'categories',2,'Delete','Delete','','','admin','::1','2016-02-22 09:56:18'),(334,'categories',2,'Restore','Restore','','','admin','::1','2016-02-22 09:56:40'),(335,'categories',2,'Delete','Delete','','','admin','::1','2016-02-22 09:56:48'),(336,'categories',2,'Restore','Restore','','','admin','::1','2016-02-22 09:57:10'),(337,'categories',2,'Delete','Delete','','','admin','::1','2016-02-22 09:57:16'),(338,'menus',3,'Add new','Add new','','','admin','::1','2016-02-22 10:01:21'),(339,'menus',3,'Delete','Delete','','','admin','::1','2016-02-22 10:01:35'),(340,'menus',3,'Restore','Restore','','','admin','::1','2016-02-22 10:02:53'),(341,'menus',3,'Delete','Delete','','','admin','::1','2016-02-22 10:03:00'),(342,'menus',3,'Restore','Restore','','','admin','::1','2016-02-22 10:03:04'),(343,'menus',3,'Delete','Delete','','','admin','::1','2016-02-22 10:03:11'),(344,'menus',3,'Restore','Restore','','','admin','::1','2016-02-22 10:03:15'),(345,'banners',16,'Trash','Trash','','','admin','::1','2016-02-22 10:03:25'),(346,'banners',16,'Restore','Restore','','','admin','::1','2016-02-22 10:03:30'),(347,'banners',16,'Trash','Trash','','','admin','::1','2016-02-22 10:04:07'),(348,'banners',16,'Restore','Restore','','','admin','::1','2016-02-22 10:04:18'),(349,'banners',16,'Trash','Trash','','','admin','::1','2016-02-22 10:04:56'),(350,'banners',16,'Restore','Restore','','','admin','::1','2016-02-22 10:05:00'),(351,'banners',16,'Trash','Trash','','','admin','::1','2016-02-22 10:05:23'),(352,'banners',16,'Restore','Restore','','','admin','::1','2016-02-22 10:05:27'),(353,'menus',3,'Delete','Delete','','','admin','::1','2016-02-22 10:05:37'),(354,'menus',3,'Restore','Restore','','','admin','::1','2016-02-22 10:05:40'),(355,'banners',16,'Trash','Trash','','','admin','::1','2016-02-22 10:07:31'),(356,'banners',16,'Restore','Restore','','','admin','::1','2016-02-22 10:07:35'),(357,'news',7,'Restore','Restore','','','admin','::1','2016-02-22 10:09:59'),(358,'news',5,'Restore','Restore','','','admin','::1','2016-02-22 10:09:59'),(359,'news',6,'Restore','Restore','','','admin','::1','2016-02-22 10:09:59'),(360,'news',4,'Restore','Restore','','','admin','::1','2016-02-22 10:09:59'),(361,'news',3,'Restore','Restore','','','admin','::1','2016-02-22 10:09:59'),(362,'news',2,'Restore','Restore','','','admin','::1','2016-02-22 10:09:59'),(363,'news',7,'Delete','Delete','','','admin','::1','2016-02-22 10:10:07'),(364,'news',6,'Delete','Delete','','','admin','::1','2016-02-22 10:10:07'),(365,'news',3,'Delete','Delete','','','admin','::1','2016-02-22 10:10:07'),(366,'news',4,'Delete','Delete','','','admin','::1','2016-02-22 10:10:07'),(367,'news',5,'Delete','Delete','','','admin','::1','2016-02-22 10:10:07'),(368,'news',2,'Delete','Delete','','','admin','::1','2016-02-22 10:10:07'),(369,'news',7,'Restore','Restore','','','admin','::1','2016-02-22 10:10:11'),(370,'news',6,'Restore','Restore','','','admin','::1','2016-02-22 10:10:12'),(371,'news',5,'Restore','Restore','','','admin','::1','2016-02-22 10:10:12'),(372,'news',4,'Restore','Restore','','','admin','::1','2016-02-22 10:10:12'),(373,'news',3,'Restore','Restore','','','admin','::1','2016-02-22 10:10:12'),(374,'news',2,'Restore','Restore','','','admin','::1','2016-02-22 10:10:12'),(375,'admincp_accounts',4,'Restore','Restore','','','admin','::1','2016-02-22 10:22:29'),(376,'admincp_accounts',4,'Restore','Restore','','','admin','::1','2016-02-22 10:23:07'),(377,'admincp_accounts',4,'Restore','Restore','','','admin','::1','2016-02-22 10:25:26'),(378,'admincp_accounts',4,'Trash','Trash','','','admin','::1','2016-02-22 10:26:14'),(379,'admincp_accounts',4,'Restore','Restore','','','admin','::1','2016-02-22 10:26:19'),(380,'admincp_accounts',4,'Trash','Trash','','','admin','::1','2016-02-22 10:26:43'),(381,'admincp_accounts',4,'Restore','Restore','','','admin','::1','2016-02-22 10:27:42'),(382,'admincp_accounts',4,'Trash','Trash','','','admin','::1','2016-02-22 10:28:37'),(383,'admincp_accounts',4,'Restore','Restore','','','admin','::1','2016-02-22 10:30:30'),(384,'admincp_accounts',4,'Trash','Trash','','','admin','::1','2016-02-22 10:31:00'),(385,'admincp_accounts',4,'Restore','Restore','','','admin','::1','2016-02-22 10:31:14'),(386,'admincp_accounts',4,'Trash','Trash','','','admin','::1','2016-02-22 10:33:01'),(387,'admincp_accounts',4,'Restore','Restore','','','admin','::1','2016-02-22 10:33:08'),(388,'admincp_accounts',4,'Trash','Trash','','','admin','::1','2016-02-22 10:35:32'),(389,'admincp_accounts',4,'Restore','Restore','','','admin','::1','2016-02-22 10:35:47'),(390,'admincp_accounts',4,'Trash','Trash','','','admin','::1','2016-02-22 10:37:43'),(391,'admincp_accounts',4,'Restore','Restore','','','admin','::1','2016-02-22 10:38:13'),(392,'admincp_accounts',4,'Trash','Trash','','','admin','::1','2016-02-22 10:39:29'),(393,'admincp_accounts',4,'Restore','Restore','','','admin','::1','2016-02-22 10:39:43'),(394,'admincp_accounts',4,'Trash','Trash','','','admin','::1','2016-02-22 10:40:59'),(395,'admincp_accounts',4,'Restore','Restore','','','admin','::1','2016-02-22 10:41:03'),(396,'admincp_accounts',4,'Trash','Trash','','','admin','::1','2016-02-22 10:47:32'),(397,'admincp_accounts',4,'Restore','Restore','','','admin','::1','2016-02-22 10:48:07'),(398,'admincp_accounts',4,'permission','Update','121|rwd,105|rwd,2|rwd,1|rwd,4|rwd,3|rwd,155|rwd,83|rwd,84|rwd','121|rwd,155|rwd,83|rwd,105|rwd,2|rwd,4|rwd,84|rwd','admin','::1','2016-02-22 10:48:19'),(399,'admincp_accounts',5,'Add new','Add new','','','admin','::1','2016-02-22 10:48:52'),(400,'admincp_accounts',5,'Trash','Trash','','','admin','::1','2016-02-22 10:49:01'),(401,'banners',16,'Trash','Trash','','','kimcuu','::1','2016-02-22 10:49:23'),(402,'admincp_accounts',5,'Restore','Restore','','','kimcuu','::1','2016-02-22 10:50:09'),(403,'banners',16,'Delete','Delete','','','admin','::1','2016-02-22 10:50:46'),(404,'menus',3,'Delete','Delete','','','admin','::1','2016-02-22 10:56:11'),(405,'menus',3,'Restore','Restore','','','admin','::1','2016-02-22 10:56:17'),(406,'menus',3,'Delete','Delete','','','admin','::1','2016-02-22 10:56:28'),(407,'menus',3,'Restore','Restore','','','admin','::1','2016-02-22 10:56:32'),(408,'menus',3,'Delete','Delete','','','admin','::1','2016-02-22 10:56:53'),(409,'menus',3,'Restore','Restore','','','admin','::1','2016-02-22 10:56:58'),(410,'static_pages',1,'status','Update','1','0','admin','::1','2016-02-22 11:13:51'),(411,'static_pages',1,'created','Update','2016-02-22 11:13:11','2016-02-22 11:13:51','admin','::1','2016-02-22 11:13:51'),(412,'static_pages',1,'content','Update','test','help','admin','::1','2016-02-22 11:14:08'),(413,'static_pages',1,'created','Update','2016-02-22 11:13:51','2016-02-22 11:14:08','admin','::1','2016-02-22 11:14:08'),(414,'static_pages',2,'Add new','Add new','','','admin','::1','2016-07-14 14:34:27'),(415,'static_pages',2,'content','Update','<!-- This is just a sample existing content (content can be loaded from a database) -->\n    \n    \n	\n\n	\n\n	\n\n	\n\n\n\n\n\n\n\n    \n\n	\n	\n\n	<div class=\"row clearfix\">\n\n        <div class=\"column full\">\n			 <p class=\"size-21 is-info2\"><i>This is a special report</i></p>\n             <h1 class=\"size-48 is-title1-48 is-title-bold is-upper\">Lorem Ipsum is simply dummy text of the printing industry</h1>\n        </div>\n\n	</div>\n\n<div class=\"row clearfix\">\n		<div class=\"column full\">\n			 <h1 class=\"size-48 is-title1-48 is-title-bold is-upper\" style=\"text-align: center;\">luan test</h1>\n        </div>\n	</div>\n\n	<div class=\"row clearfix\">\n\n		<div class=\"column full\">\n\n            <p>Lorem Ipsum is simply dummy text of the printing and typesetting industry. Lorem Ipsum has been the industry\'s standard dummy text ever since the 1500s, when an unknown printer took a galley of type and scrambled it to make a type specimen book. Lorem ipsum dolor sit amet, consectetur adipiscing elit. Vivamus leo ante, consectetur sit amet vulputate vel, dapibus sit amet lectus.</p>\n\n        </div>\n\n	</div>','<!--\r\nThis is just a sample existing content (content can be loaded from a database)\r\n-->\r\n    \r\n    \r\n	\r\n\r\n	\r\n\r\n	\r\n\r\n	\r\n\r\n\r\n\r\n\r\n\r\n\r\n\r\n    \r\n<div class=\"row clearfix\">        \r\n	<div class=\"column full\"> \r\n		<p class=\"size-21 is-info2\"><br />\r\n			</p></div></div>\r\n<div class=\"row clearfix\">\r\n	<div class=\"column full\">        </div></div>','admin','192.168.33.1','2017-09-21 23:12:04'),(416,'static_pages',2,'created','Update','2016-07-14 14:34:27','2017-09-21 23:12:04','admin','192.168.33.1','2017-09-21 23:12:04'),(417,'categories',2,'Restore','Restore','','','admin','::1','2021-01-07 20:43:14'),(418,'categories',2,'image','Update',NULL,'2021/01/f697845d00b0a5bb5e6b048c5395f4ab.png','admin','::1','2021-01-12 19:56:04'),(419,'categories',2,'description','Update',NULL,'1','admin','::1','2021-01-12 19:56:04'),(420,'categories',2,'order','Update',NULL,'1','admin','::1','2021-01-12 19:56:04'),(421,'categories',2,'image','Update',NULL,'2021/01/a41ded68a7400a8d1d50dc6e66651d79.png','admin','::1','2021-01-12 19:56:35'),(422,'categories',2,'description','Update',NULL,'gfhgf','admin','::1','2021-01-12 19:56:35'),(423,'categories',2,'order','Update',NULL,'ghfg','admin','::1','2021-01-12 19:56:35'),(424,'categories',2,'image','Update',NULL,'2021/01/fb875a44b1190d9f78147ad78c6d24c7.png','admin','::1','2021-01-12 19:58:29'),(425,'categories',2,'description','Update',NULL,'dfgfd','admin','::1','2021-01-12 19:58:29'),(426,'categories',2,'order','Update',NULL,'fdg','admin','::1','2021-01-12 19:58:29'),(427,'categories',2,'image','Update',NULL,'2021/01/2b1b34181936b65201238c6311bf66aa.png','admin','::1','2021-01-12 20:02:31'),(428,'categories',2,'order','Update',NULL,'1','admin','::1','2021-01-12 20:02:31'),(429,'categories',2,'image','Update',NULL,'2021/01/49334a793ea572952a21eb87d24b7796.png','admin','::1','2021-01-12 20:05:17'),(430,'categories',2,'order','Update',NULL,'fdh','admin','::1','2021-01-12 20:05:17'),(431,'categories',2,'content','Update','','df','admin','::1','2021-01-12 20:07:55'),(432,'categories',2,'order','Update','','sdf','admin','::1','2021-01-12 20:07:55'),(433,'categories',2,'image','Update','','2021/01/718282fc6131ba06aec3e3fb41de2866.png','admin','::1','2021-01-12 20:08:56'),(434,'categories',2,'order','Update','sdf','1','admin','::1','2021-01-12 20:09:09'),(435,'categories',2,'name','Update','a','Tra sua','admin','::1','2021-01-12 20:12:59'),(436,'categories',2,'slug','Update','a','tra-sua','admin','::1','2021-01-12 20:12:59'),(437,'categories',2,'type','Update',NULL,'PRODUCT','admin','::1','2021-01-12 20:12:59'),(438,'categories',2,'Trash','Trash','','','admin','::1','2021-01-12 20:13:07'),(439,'categories',2,'Restore','Restore','','','admin','::1','2021-01-12 20:13:14'),(440,'Categories_topping',7,'Add new','Add new','','','admin','::1','2021-01-14 19:35:58'),(441,'Categories_topping',8,'Add new','Add new','','','admin','::1','2021-01-14 19:37:00'),(442,'toppings',1,'Add new','Add new','','','admin','::1','2021-01-18 12:05:09'),(443,'toppings',2,'Add new','Add new','','','admin','::1','2021-01-18 12:07:10'),(444,'toppings',1,'Trash','Trash','','','admin','::1','2021-01-18 12:23:41'),(445,'toppings',1,'Delete','Delete','','','admin','::1','2021-01-18 12:23:45'),(446,'toppings',2,'Trash','Trash','','','admin','::1','2021-01-18 12:25:17'),(447,'toppings',2,'Delete','Delete','','','admin','::1','2021-01-18 12:25:21'),(448,'toppings',3,'Add new','Add new','','','admin','::1','2021-01-18 12:25:34'),(449,'toppings',3,'name','Update','12','12121','admin','::1','2021-01-18 12:25:45'),(450,'toppings',3,'products','Update','a:2:{i:0;s:2:\"NC\";i:1;s:2:\"ND\";}','N;','admin','::1','2021-01-18 12:25:45'),(451,'stores',1,'Add new','Add new','','','admin','::1','2021-01-18 14:31:51'),(452,'stores',2,'Add new','Add new','','','admin','::1','2021-01-18 14:32:32'),(453,'stores',1,'Trash','Trash','','','admin','::1','2021-01-18 14:33:24'),(454,'stores',2,'Trash','Trash','','','admin','::1','2021-01-18 14:33:24'),(455,'stores',2,'Delete','Delete','','','admin','::1','2021-01-18 14:33:27'),(456,'stores',1,'Delete','Delete','','','admin','::1','2021-01-18 14:33:27'),(457,'stores',3,'Add new','Add new','','','admin','::1','2021-01-18 14:33:43'),(458,'stores',4,'Add new','Add new','','','admin','::1','2021-01-18 14:34:40'),(459,'stores',3,'Trash','Trash','','','admin','::1','2021-01-18 14:38:00'),(460,'stores',3,'Delete','Delete','','','admin','::1','2021-01-18 14:38:05'),(461,'stores',5,'Add new','Add new','','','admin','::1','2021-01-18 14:39:34'),(462,'stores',5,'url','Update','https://www.google.com/maps/place/Highlands+Coffee+-***/@12.2113054,109.1776636,14z/data=!4m8!1m2!2m1!1shighlands+coffee!3m4!1s0x0:0x3fc01ef516a1231c!8m2!3d12.2436746!4d109.1821235?hl=vi-VN','&lt;iframe src=\"https://www.google.com/maps/embed?pb=!1m18!1m12!1m3!1d37099.24441094822!2d109.17354524226849!3d12.209111905859682!2m3!1f0!2f0!3f0!3m2!1i1024!2i768!4f13.1!3m3!1m2!1s0x0:0x91adc1e7c89f6b01!2sHighlands Coffee!5e0!3m2!1svi!2s!4v1610956911676!5m2!1svi!2s\" width=\"600\" height=\"450\" frameborder=\"0\" [removed] allowfullscreen=\"\" aria-hidden=\"false\" tabindex=\"0\"&gt;&lt;/iframe>','admin','::1','2021-01-18 15:02:00'),(463,'stores',5,'longitude','Update','12.2113054','109.17354524226849','admin','::1','2021-01-18 15:02:00'),(464,'stores',5,'latitude','Update','109.1776636','12.209111905859682','admin','::1','2021-01-18 15:02:00'),(465,'stores',5,'created','Update','2021-01-18 14:39:34','2021-01-18 15:02:00','admin','::1','2021-01-18 15:02:00'),(466,'stores',5,'created','Update','2021-01-18 15:02:00','2021-01-18 15:06:20','admin','::1','2021-01-18 15:06:20'),(467,'stores',4,'url','Update','https://www.google.com/maps/place/Highlands+coffee/@12.2113054,109.1776636,14z/data=!4m8!1m2!2m1!1shighlands+coffee!3m4!1s0x0:0x8531706a9cb309a7!8m2!3d12.216743!4d109.1985548?hl=vi-VN','&lt;iframe src=\"https://www.google.com/maps/embed?pb=!1m18!1m12!1m3!1d13115.648406120072!2d109.19203233543307!3d12.227575267249447!2m3!1f0!2f0!3f0!3m2!1i1024!2i768!4f13.1!3m3!1m2!1s0x0:0x91adc1e7c89f6b01!2sHighlands Coffee!5e0!3m2!1svi!2s!4v1610956984402!5m2!1svi!2s\" width=\"600\" height=\"450\" frameborder=\"0\" [removed] allowfullscreen=\"\" aria-hidden=\"false\" tabindex=\"0\"&gt;&lt;/iframe>','admin','::1','2021-01-18 15:06:36'),(468,'stores',4,'longitude','Update','12.2113054','109.19203233543307','admin','::1','2021-01-18 15:06:36'),(469,'stores',4,'latitude','Update','109.1776636','12.227575267249447','admin','::1','2021-01-18 15:06:36'),(470,'stores',4,'created','Update','2021-01-18 14:34:40','2021-01-18 15:06:36','admin','::1','2021-01-18 15:06:36'),(471,'stores',4,'created','Update','2021-01-18 15:06:36','2021-01-18 15:07:12','admin','::1','2021-01-18 15:07:12'),(472,'stores',4,'longitude','Update','109.19203233543307','12.227575267249447','admin','::1','2021-01-18 15:08:01'),(473,'stores',4,'latitude','Update','12.227575267249447','109.19203233543307','admin','::1','2021-01-18 15:08:01'),(474,'stores',4,'created','Update','2021-01-18 15:07:12','2021-01-18 15:08:01','admin','::1','2021-01-18 15:08:01'),(475,'stores',5,'longitude','Update','109.17354524226849','12.209111905859682','admin','::1','2021-01-18 15:08:06'),(476,'stores',5,'latitude','Update','12.209111905859682','109.17354524226849','admin','::1','2021-01-18 15:08:06'),(477,'stores',5,'created','Update','2021-01-18 15:06:20','2021-01-18 15:08:06','admin','::1','2021-01-18 15:08:06'),(478,'categories',9,'Add new','Add new','','','admin','::1','2021-01-18 15:48:29'),(479,'categories',10,'Add new','Add new','','','admin','::1','2021-01-18 15:48:45'),(480,'toppings',3,'name','Update','12121','Tran Chau','admin','::1','2021-01-18 16:14:34'),(481,'toppings',3,'products','Update','N;','a:2:{i:0;s:2:\"PA\";i:1;s:2:\"RI\";}','admin','::1','2021-01-18 16:14:34'),(482,'toppings',4,'Add new','Add new','','','admin','::1','2021-01-18 16:14:51'),(483,'toppings',5,'Add new','Add new','','','admin','::1','2021-01-18 16:15:12'),(484,'toppings',6,'Add new','Add new','','','admin','::1','2021-01-18 16:15:42'),(485,'products',1,'Add new','Add new','','','admin','::1','2021-01-18 16:47:55'),(486,'products',1,'toppings','Update','a:1:{i:0;s:1:\"6\";}','N;','admin','::1','2021-01-18 16:57:44'),(487,'products',1,'is_size','Update','L','S','admin','::1','2021-01-18 16:57:44'),(488,'products',1,'toppings','Update','N;','a:1:{i:0;s:1:\"6\";}','admin','::1','2021-01-18 17:04:04'),(489,'products',2,'Add new','Add new','','','admin','::1','2021-01-18 17:10:19'),(490,'products',2,'toppings','Update','a:3:{i:0;s:1:\"6\";i:1;s:1:\"5\";i:2;s:1:\"4\";}','a:4:{i:0;s:1:\"6\";i:1;s:1:\"5\";i:2;s:1:\"4\";i:3;s:1:\"3\";}','admin','::1','2021-01-18 17:18:18'),(491,'update_profile',2,'password','Update','123456','12','admin','::1','2021-01-22 09:57:58'),(492,'categories',11,'Add new','Add new','','','admin','::1','2021-01-22 09:59:51'),(493,'categories',10,'Trash','Trash','','','admin','::1','2021-01-22 10:03:17'),(494,'categories',10,'Delete','Delete','','','admin','::1','2021-01-22 10:03:21'),(495,'products',1,'Trash','Trash','','','admin','::1','2021-01-22 10:10:25'),(496,'products',2,'Trash','Trash','','','admin','::1','2021-01-22 10:10:25'),(497,'products',2,'Delete','Delete','','','admin','::1','2021-01-22 10:10:28'),(498,'products',1,'Delete','Delete','','','admin','::1','2021-01-22 10:10:28'),(499,'Categories_topping',12,'Add new','Add new','','','admin','::1','2021-01-22 11:10:09'),(500,'toppings',7,'Add new','Add new','','','admin','::1','2021-01-22 11:10:26'),(501,'toppings',8,'Add new','Add new','','','admin','::1','2021-01-22 11:10:39'),(502,'toppings',9,'Add new','Add new','','','admin','::1','2021-01-22 11:10:57'),(503,'products',3,'Add new','Add new','','','admin','::1','2021-01-22 11:13:50'),(504,'products',3,'toppings','Update','a:7:{i:0;s:1:\"9\";i:1;s:1:\"8\";i:2;s:1:\"7\";i:3;s:1:\"6\";i:4;s:1:\"5\";i:5;s:1:\"4\";i:6;s:1:\"3\";}','a:4:{i:0;s:1:\"6\";i:1;s:1:\"5\";i:2;s:1:\"4\";i:3;s:1:\"3\";}','admin','::1','2021-01-22 11:14:02'),(505,'toppings',9,'Trash','Trash','','','admin','::1','2021-01-22 11:14:46'),(506,'toppings',8,'Trash','Trash','','','admin','::1','2021-01-22 11:14:46'),(507,'toppings',6,'Trash','Trash','','','admin','::1','2021-01-22 11:14:46'),(508,'toppings',4,'Trash','Trash','','','admin','::1','2021-01-22 11:14:46'),(509,'toppings',7,'Trash','Trash','','','admin','::1','2021-01-22 11:14:46'),(510,'toppings',3,'Trash','Trash','','','admin','::1','2021-01-22 11:14:46'),(511,'toppings',5,'Trash','Trash','','','admin','::1','2021-01-22 11:14:47'),(512,'toppings',7,'Delete','Delete','','','admin','::1','2021-01-22 11:14:50'),(513,'toppings',6,'Delete','Delete','','','admin','::1','2021-01-22 11:14:50'),(514,'toppings',5,'Delete','Delete','','','admin','::1','2021-01-22 11:14:50'),(515,'toppings',4,'Delete','Delete','','','admin','::1','2021-01-22 11:14:50'),(516,'toppings',8,'Delete','Delete','','','admin','::1','2021-01-22 11:14:50'),(517,'toppings',9,'Delete','Delete','','','admin','::1','2021-01-22 11:14:50'),(518,'toppings',3,'Delete','Delete','','','admin','::1','2021-01-22 11:14:50'),(519,'categories_topping',12,'Trash','Trash','','','admin','::1','2021-01-22 11:14:57'),(520,'categories_topping',8,'Trash','Trash','','','admin','::1','2021-01-22 11:14:57'),(521,'categories_topping',12,'Delete','Delete','','','admin','::1','2021-01-22 11:15:01'),(522,'categories_topping',8,'Delete','Delete','','','admin','::1','2021-01-22 11:15:01'),(523,'categories',9,'Trash','Trash','','','admin','::1','2021-01-22 11:15:12'),(524,'categories',11,'Trash','Trash','','','admin','::1','2021-01-22 11:15:12'),(525,'categories',2,'Trash','Trash','','','admin','::1','2021-01-22 11:15:12'),(526,'products',3,'Trash','Trash','','','admin','::1','2021-01-22 11:15:19'),(527,'products',3,'Delete','Delete','','','admin','::1','2021-01-22 11:15:23'),(528,'categories',11,'Delete','Delete','','','admin','::1','2021-01-22 11:15:27'),(529,'categories',2,'Delete','Delete','','','admin','::1','2021-01-22 11:15:27'),(530,'categories',9,'Delete','Delete','','','admin','::1','2021-01-22 11:15:27'),(531,'Categories_topping',13,'Add new','Add new','','','admin','::1','2021-01-24 08:58:03'),(532,'Categories_topping',14,'Add new','Add new','','','admin','::1','2021-01-24 08:58:30'),(533,'Categories_topping',15,'Add new','Add new','','','admin','::1','2021-01-24 08:58:51'),(534,'Categories_topping',16,'Add new','Add new','','','admin','::1','2021-01-24 08:59:05'),(535,'Categories_topping',17,'Add new','Add new','','','admin','::1','2021-01-24 08:59:18'),(536,'toppings',10,'Add new','Add new','','','admin','::1','2021-01-24 08:59:44'),(537,'toppings',11,'Add new','Add new','','','admin','::1','2021-01-24 09:00:58'),(538,'toppings',10,'saleableQty','Update','0','','admin','::1','2021-01-24 09:01:08'),(539,'toppings',10,'products','Update','a:2:{i:0;s:2:\"PA\";i:1;s:2:\"RI\";}','N;','admin','::1','2021-01-24 09:01:08'),(540,'toppings',12,'Add new','Add new','','','admin','::1','2021-01-24 09:01:22'),(541,'toppings',13,'Add new','Add new','','','admin','::1','2021-01-24 09:01:32'),(542,'toppings',14,'Add new','Add new','','','admin','::1','2021-01-24 09:04:18'),(543,'toppings',15,'Add new','Add new','','','admin','::1','2021-01-24 09:04:36'),(544,'toppings',16,'Add new','Add new','','','admin','::1','2021-01-24 09:04:52'),(545,'toppings',17,'Add new','Add new','','','admin','::1','2021-01-24 09:05:21'),(546,'toppings',18,'Add new','Add new','','','admin','::1','2021-01-24 09:05:51'),(547,'toppings',19,'Add new','Add new','','','admin','::1','2021-01-24 09:06:48'),(548,'toppings',20,'Add new','Add new','','','admin','::1','2021-01-24 09:07:05'),(549,'toppings',21,'Add new','Add new','','','admin','::1','2021-01-24 09:07:27'),(550,'toppings',22,'Add new','Add new','','','admin','::1','2021-01-24 09:07:47'),(551,'toppings',23,'Add new','Add new','','','admin','::1','2021-01-24 09:08:04'),(552,'toppings',24,'Add new','Add new','','','admin','::1','2021-01-24 09:08:23'),(553,'toppings',25,'Add new','Add new','','','admin','::1','2021-01-24 09:08:56'),(554,'toppings',26,'Add new','Add new','','','admin','::1','2021-01-24 09:09:13'),(555,'toppings',27,'Add new','Add new','','','admin','::1','2021-01-24 09:09:31'),(556,'toppings',28,'Add new','Add new','','','admin','::1','2021-01-24 09:09:44'),(557,'toppings',29,'Add new','Add new','','','admin','::1','2021-01-24 09:10:14'),(558,'toppings',30,'Add new','Add new','','','admin','::1','2021-01-24 09:10:30'),(559,'toppings',31,'Add new','Add new','','','admin','::1','2021-01-24 09:10:49'),(560,'toppings',32,'Add new','Add new','','','admin','::1','2021-01-24 09:11:04'),(561,'toppings',33,'Add new','Add new','','','admin','::1','2021-01-24 09:11:27'),(562,'toppings',34,'Add new','Add new','','','admin','::1','2021-01-24 09:12:58'),(563,'toppings',35,'Add new','Add new','','','admin','::1','2021-01-24 09:13:15'),(564,'toppings',36,'Add new','Add new','','','admin','::1','2021-01-24 09:13:33'),(565,'toppings',37,'Add new','Add new','','','admin','::1','2021-01-24 09:13:46'),(566,'toppings',38,'Add new','Add new','','','admin','::1','2021-01-24 09:13:56'),(567,'toppings',39,'Add new','Add new','','','admin','::1','2021-01-24 09:14:11'),(568,'toppings',40,'Add new','Add new','','','admin','::1','2021-01-24 09:14:31'),(569,'toppings',41,'Add new','Add new','','','admin','::1','2021-01-24 09:15:52'),(570,'toppings',42,'Add new','Add new','','','admin','::1','2021-01-24 09:16:16'),(571,'toppings',43,'Add new','Add new','','','admin','::1','2021-01-24 09:16:34'),(572,'toppings',44,'Add new','Add new','','','admin','::1','2021-01-24 09:16:42'),(573,'toppings',45,'Add new','Add new','','','admin','::1','2021-01-24 09:16:51'),(574,'toppings',46,'Add new','Add new','','','admin','::1','2021-01-24 09:17:00'),(575,'toppings',47,'Add new','Add new','','','admin','::1','2021-01-24 09:17:07'),(576,'toppings',48,'Add new','Add new','','','admin','::1','2021-01-24 09:17:13'),(577,'toppings',49,'Add new','Add new','','','admin','::1','2021-01-24 09:17:21'),(578,'toppings',50,'Add new','Add new','','','admin','::1','2021-01-24 09:17:28'),(579,'toppings',51,'Add new','Add new','','','admin','::1','2021-01-24 09:17:33'),(580,'toppings',52,'Add new','Add new','','','admin','::1','2021-01-24 09:17:58'),(581,'toppings',53,'Add new','Add new','','','admin','::1','2021-01-24 09:18:08'),(582,'toppings',54,'Add new','Add new','','','admin','::1','2021-01-24 09:18:19'),(583,'toppings',55,'Add new','Add new','','','admin','::1','2021-01-24 09:18:27'),(584,'toppings',56,'Add new','Add new','','','admin','::1','2021-01-24 09:18:38'),(585,'toppings',57,'Add new','Add new','','','admin','::1','2021-01-24 09:18:46'),(586,'categories',18,'Add new','Add new','','','admin','::1','2021-01-24 09:59:11'),(587,'categories',19,'Add new','Add new','','','admin','::1','2021-01-24 10:00:32'),(588,'categories',20,'Add new','Add new','','','admin','::1','2021-01-24 10:00:59'),(589,'categories',21,'Add new','Add new','','','admin','::1','2021-01-24 10:01:32'),(590,'categories',21,'content','Update','Tr Sa Leo','Soda','admin','::1','2021-01-24 10:01:40'),(591,'categories',22,'Add new','Add new','','','admin','::1','2021-01-24 10:02:06'),(592,'products',4,'Add new','Add new','','','admin','::1','2021-01-24 15:24:35'),(593,'products',5,'Add new','Add new','','','admin','::1','2021-01-24 15:25:21'),(594,'products',6,'Add new','Add new','','','admin','::1','2021-01-24 15:26:44'),(595,'products',7,'Add new','Add new','','','admin','::1','2021-01-24 15:29:06'),(596,'products',8,'Add new','Add new','','','admin','::1','2021-01-24 15:30:28'),(597,'products',9,'Add new','Add new','','','admin','::1','2021-01-24 15:31:31'),(598,'products',10,'Add new','Add new','','','admin','::1','2021-01-24 15:31:58'),(599,'products',11,'Add new','Add new','','','admin','::1','2021-01-24 15:32:27'),(600,'products',12,'Add new','Add new','','','admin','::1','2021-01-24 15:35:27'),(601,'products',13,'Add new','Add new','','','admin','::1','2021-01-24 15:35:55'),(602,'products',14,'Add new','Add new','','','admin','::1','2021-01-24 15:36:34'),(603,'products',15,'Add new','Add new','','','admin','::1','2021-01-24 15:36:45'),(604,'products',16,'Add new','Add new','','','admin','::1','2021-01-24 15:36:57'),(605,'products',17,'Add new','Add new','','','admin','::1','2021-01-24 15:37:06'),(606,'products',18,'Add new','Add new','','','admin','::1','2021-01-24 15:37:20'),(607,'products',19,'Add new','Add new','','','admin','::1','2021-01-24 15:37:47'),(608,'products',20,'Add new','Add new','','','admin','::1','2021-01-24 15:38:36'),(609,'products',20,'image','Update','2021/01/1ed63df3db15edec12a43bb2a7543c97.jpg','2021/01/2b2ff76ca7db20d164b272c1bc4e1435.jpg','admin','::1','2021-01-24 15:38:58'),(610,'products',21,'Add new','Add new','','','admin','::1','2021-01-24 15:42:35'),(611,'products',22,'Add new','Add new','','','admin','::1','2021-01-24 15:42:50'),(612,'products',23,'Add new','Add new','','','admin','::1','2021-01-24 15:43:13'),(613,'products',24,'Add new','Add new','','','admin','::1','2021-01-24 15:43:30'),(614,'products',25,'Add new','Add new','','','admin','::1','2021-01-24 15:43:55'),(615,'products',26,'Add new','Add new','','','admin','::1','2021-01-24 15:44:07'),(616,'products',27,'Add new','Add new','','','admin','::1','2021-01-24 15:44:37'),(617,'products',28,'Add new','Add new','','','admin','::1','2021-01-24 15:44:46'),(618,'products',29,'Add new','Add new','','','admin','::1','2021-01-24 15:45:01'),(619,'stores',5,'name','Update','2','Chi nhnh 2','admin','::1','2021-01-25 11:45:07'),(620,'stores',5,'created','Update','2021-01-18 15:08:06','2021-01-25 11:45:07','admin','::1','2021-01-25 11:45:07'),(621,'stores',4,'name','Update','1','chi nhnh 1','admin','::1','2021-01-25 11:45:18'),(622,'stores',4,'content','Update','1','chi nhnh 1','admin','::1','2021-01-25 11:45:18'),(623,'stores',4,'created','Update','2021-01-18 15:08:01','2021-01-25 11:45:18','admin','::1','2021-01-25 11:45:18'),(624,'toppings',58,'Add new','Add new','','','admin','::1','2021-01-27 19:14:45'),(625,'toppings',59,'Add new','Add new','','','admin','::1','2021-01-27 19:15:02'),(626,'toppings',59,'Trash','Trash','','','admin','::1','2021-01-27 19:18:02'),(627,'toppings',58,'Trash','Trash','','','admin','::1','2021-01-27 19:18:03'),(628,'toppings',60,'Add new','Add new','','','admin','::1','2021-01-27 19:18:25'),(629,'toppings',61,'Add new','Add new','','','admin','::1','2021-01-27 19:34:01'),(630,'toppings',61,'Trash','Trash','','','admin','::1','2021-01-27 19:35:34'),(631,'toppings',60,'Trash','Trash','','','admin','::1','2021-01-27 19:35:34'),(632,'toppings',58,'Delete','Delete','','','admin','::1','2021-01-27 19:35:41'),(633,'toppings',59,'Delete','Delete','','','admin','::1','2021-01-27 19:35:41'),(634,'toppings',61,'Delete','Delete','','','admin','::1','2021-01-27 19:35:47'),(635,'toppings',60,'Delete','Delete','','','admin','::1','2021-01-27 19:35:47'),(636,'toppings',62,'Add new','Add new','','','admin','::1','2021-01-27 19:36:03'),(637,'toppings',63,'Add new','Add new','','','admin','::1','2021-01-27 19:40:18'),(638,'toppings',64,'Add new','Add new','','','admin','::1','2021-01-27 19:43:29'),(639,'toppings',65,'Add new','Add new','','','admin','::1','2021-01-27 19:58:37'),(640,'toppings',65,'Trash','Trash','','','admin','::1','2021-01-27 19:59:02'),(641,'toppings',64,'Trash','Trash','','','admin','::1','2021-01-27 19:59:02'),(642,'toppings',63,'Trash','Trash','','','admin','::1','2021-01-27 19:59:02'),(643,'toppings',62,'Trash','Trash','','','admin','::1','2021-01-27 19:59:02'),(644,'toppings',65,'Delete','Delete','','','admin','::1','2021-01-27 19:59:07'),(645,'toppings',64,'Delete','Delete','','','admin','::1','2021-01-27 19:59:07'),(646,'toppings',63,'Delete','Delete','','','admin','::1','2021-01-27 19:59:07'),(647,'toppings',62,'Delete','Delete','','','admin','::1','2021-01-27 19:59:07'),(648,'toppings',66,'Add new','Add new','','','admin','::1','2021-01-27 20:05:57'),(649,'toppings',67,'Add new','Add new','','','admin','::1','2021-01-27 20:19:02'),(650,'toppings',68,'Add new','Add new','','','admin','::1','2021-01-27 20:19:18'),(651,'toppings',66,'saleableQty','Update','0','','admin','::1','2021-01-27 20:26:32'),(652,'toppings',67,'Trash','Trash','','','admin','::1','2021-01-27 20:28:16'),(653,'toppings',68,'Trash','Trash','','','admin','::1','2021-01-27 20:28:16'),(654,'toppings',66,'Trash','Trash','','','admin','::1','2021-01-27 20:28:16'),(655,'toppings',67,'Delete','Delete','','','admin','::1','2021-01-27 20:28:20'),(656,'toppings',66,'Delete','Delete','','','admin','::1','2021-01-27 20:28:20'),(657,'toppings',68,'Delete','Delete','','','admin','::1','2021-01-27 20:28:20'),(658,'toppings',69,'Add new','Add new','','','admin','::1','2021-01-27 20:28:36'),(659,'toppings',70,'Add new','Add new','','','admin','::1','2021-01-27 20:31:16'),(660,'toppings',71,'Add new','Add new','','','admin','::1','2021-01-27 20:34:41'),(661,'toppings',72,'Add new','Add new','','','admin','::1','2021-01-27 20:38:08'),(662,'toppings',73,'Add new','Add new','','','admin','::1','2021-01-27 20:41:38'),(663,'toppings',73,'Trash','Trash','','','admin','::1','2021-01-27 20:42:45'),(664,'toppings',72,'Trash','Trash','','','admin','::1','2021-01-27 20:42:45'),(665,'toppings',73,'Delete','Delete','','','admin','::1','2021-01-27 20:42:51'),(666,'toppings',72,'Delete','Delete','','','admin','::1','2021-01-27 20:42:51'),(667,'toppings',74,'Add new','Add new','','','admin','::1','2021-01-27 20:43:07'),(668,'toppings',75,'Add new','Add new','','','admin','::1','2021-01-27 20:47:24'),(669,'toppings',75,'Trash','Trash','','','admin','::1','2021-01-27 20:54:12'),(670,'toppings',74,'Trash','Trash','','','admin','::1','2021-01-27 20:54:12'),(671,'toppings',74,'Delete','Delete','','','admin','::1','2021-01-27 20:54:18'),(672,'toppings',75,'Delete','Delete','','','admin','::1','2021-01-27 20:54:18'),(673,'toppings',76,'Add new','Add new','','','admin','::1','2021-01-27 20:54:31'),(674,'toppings',76,'saleableQty','Update','0','','admin','::1','2021-01-27 21:23:48'),(675,'toppings',76,'products','Update','a:2:{i:0;s:1:\"4\";i:1;s:1:\"5\";}','a:1:{i:0;s:1:\"5\";}','admin','::1','2021-01-27 21:23:48'),(676,'toppings',76,'saleableQty','Update','0','','admin','::1','2021-01-27 21:24:52'),(677,'toppings',76,'products','Update','a:1:{i:0;s:1:\"5\";}','N;','admin','::1','2021-01-27 21:24:52'),(678,'toppings',76,'saleableQty','Update','0','','admin','::1','2021-01-27 21:28:23'),(679,'toppings',76,'products','Update','N;','a:8:{i:0;s:1:\"4\";i:1;s:1:\"5\";i:2;s:1:\"6\";i:3;s:1:\"7\";i:4;s:1:\"8\";i:5;s:1:\"9\";i:6;s:2:\"10\";i:7;s:2:\"11\";}','admin','::1','2021-01-27 21:28:23'),(680,'toppings',76,'saleableQty','Update','0','','admin','::1','2021-01-27 21:30:27'),(681,'toppings',76,'saleableQty','Update','0','','admin','::1','2021-01-27 21:30:41'),(682,'products',11,'toppings','Update','a:1:{i:0;s:2:\"76\";}','a:44:{i:0;s:2:\"14\";i:1;s:2:\"15\";i:2;s:2:\"16\";i:3;s:2:\"17\";i:4;s:2:\"18\";i:5;s:2:\"19\";i:6;s:2:\"20\";i:7;s:2:\"21\";i:8;s:2:\"22\";i:9;s:2:\"23\";i:10;s:2:\"24\";i:11;s:2:\"25\";i:12;s:2:\"26\";i:13;s:2:\"27\";i:14;s:2:\"28\";i:15;s:2:\"29\";i:16;s:2:\"30\";i:17;s:2:\"31\";i:18;s:2:\"32\";i:19;s:2:\"33\";i:20;s:2:\"34\";i:21;s:2:\"35\";i:22;s:2:\"36\";i:23;s:2:\"37\";i:24;s:2:\"38\";i:25;s:2:\"39\";i:26;s:2:\"40\";i:27;s:2:\"41\";i:28;s:2:\"42\";i:29;s:2:\"43\";i:30;s:2:\"44\";i:31;s:2:\"45\";i:32;s:2:\"46\";i:33;s:2:\"47\";i:34;s:2:\"48\";i:35;s:2:\"49\";i:36;s:2:\"50\";i:37;s:2:\"51\";i:38;s:2:\"52\";i:39;s:2:\"53\";i:40;s:2:\"54\";i:41;s:2:\"55\";i:42;s:2:\"56\";i:43;s:2:\"57\";}','admin','::1','2021-01-27 21:37:47'),(683,'products',6,'toppings','Update','a:1:{i:0;s:2:\"76\";}','a:44:{i:0;s:2:\"14\";i:1;s:2:\"15\";i:2;s:2:\"16\";i:3;s:2:\"17\";i:4;s:2:\"18\";i:5;s:2:\"19\";i:6;s:2:\"20\";i:7;s:2:\"21\";i:8;s:2:\"22\";i:9;s:2:\"23\";i:10;s:2:\"24\";i:11;s:2:\"25\";i:12;s:2:\"26\";i:13;s:2:\"27\";i:14;s:2:\"28\";i:15;s:2:\"29\";i:16;s:2:\"30\";i:17;s:2:\"31\";i:18;s:2:\"32\";i:19;s:2:\"33\";i:20;s:2:\"34\";i:21;s:2:\"35\";i:22;s:2:\"36\";i:23;s:2:\"37\";i:24;s:2:\"38\";i:25;s:2:\"39\";i:26;s:2:\"40\";i:27;s:2:\"41\";i:28;s:2:\"42\";i:29;s:2:\"43\";i:30;s:2:\"44\";i:31;s:2:\"45\";i:32;s:2:\"46\";i:33;s:2:\"47\";i:34;s:2:\"48\";i:35;s:2:\"49\";i:36;s:2:\"50\";i:37;s:2:\"51\";i:38;s:2:\"52\";i:39;s:2:\"53\";i:40;s:2:\"54\";i:41;s:2:\"55\";i:42;s:2:\"56\";i:43;s:2:\"57\";}','admin','::1','2021-01-27 21:38:13'),(684,'products',7,'toppings','Update','a:1:{i:0;s:2:\"76\";}','a:44:{i:0;s:2:\"14\";i:1;s:2:\"15\";i:2;s:2:\"16\";i:3;s:2:\"17\";i:4;s:2:\"18\";i:5;s:2:\"19\";i:6;s:2:\"20\";i:7;s:2:\"21\";i:8;s:2:\"22\";i:9;s:2:\"23\";i:10;s:2:\"24\";i:11;s:2:\"25\";i:12;s:2:\"26\";i:13;s:2:\"27\";i:14;s:2:\"28\";i:15;s:2:\"29\";i:16;s:2:\"30\";i:17;s:2:\"31\";i:18;s:2:\"32\";i:19;s:2:\"33\";i:20;s:2:\"34\";i:21;s:2:\"35\";i:22;s:2:\"36\";i:23;s:2:\"37\";i:24;s:2:\"38\";i:25;s:2:\"39\";i:26;s:2:\"40\";i:27;s:2:\"41\";i:28;s:2:\"42\";i:29;s:2:\"43\";i:30;s:2:\"44\";i:31;s:2:\"45\";i:32;s:2:\"46\";i:33;s:2:\"47\";i:34;s:2:\"48\";i:35;s:2:\"49\";i:36;s:2:\"50\";i:37;s:2:\"51\";i:38;s:2:\"52\";i:39;s:2:\"53\";i:40;s:2:\"54\";i:41;s:2:\"55\";i:42;s:2:\"56\";i:43;s:2:\"57\";}','admin','::1','2021-01-27 21:38:28'),(685,'products',8,'toppings','Update','a:1:{i:0;s:2:\"76\";}','a:44:{i:0;s:2:\"14\";i:1;s:2:\"15\";i:2;s:2:\"16\";i:3;s:2:\"17\";i:4;s:2:\"18\";i:5;s:2:\"19\";i:6;s:2:\"20\";i:7;s:2:\"21\";i:8;s:2:\"22\";i:9;s:2:\"23\";i:10;s:2:\"24\";i:11;s:2:\"25\";i:12;s:2:\"26\";i:13;s:2:\"27\";i:14;s:2:\"28\";i:15;s:2:\"29\";i:16;s:2:\"30\";i:17;s:2:\"31\";i:18;s:2:\"32\";i:19;s:2:\"33\";i:20;s:2:\"34\";i:21;s:2:\"35\";i:22;s:2:\"36\";i:23;s:2:\"37\";i:24;s:2:\"38\";i:25;s:2:\"39\";i:26;s:2:\"40\";i:27;s:2:\"41\";i:28;s:2:\"42\";i:29;s:2:\"43\";i:30;s:2:\"44\";i:31;s:2:\"45\";i:32;s:2:\"46\";i:33;s:2:\"47\";i:34;s:2:\"48\";i:35;s:2:\"49\";i:36;s:2:\"50\";i:37;s:2:\"51\";i:38;s:2:\"52\";i:39;s:2:\"53\";i:40;s:2:\"54\";i:41;s:2:\"55\";i:42;s:2:\"56\";i:43;s:2:\"57\";}','admin','::1','2021-01-27 21:38:42'),(686,'products',9,'toppings','Update','a:1:{i:0;s:2:\"76\";}','a:44:{i:0;s:2:\"14\";i:1;s:2:\"15\";i:2;s:2:\"16\";i:3;s:2:\"17\";i:4;s:2:\"18\";i:5;s:2:\"19\";i:6;s:2:\"20\";i:7;s:2:\"21\";i:8;s:2:\"22\";i:9;s:2:\"23\";i:10;s:2:\"24\";i:11;s:2:\"25\";i:12;s:2:\"26\";i:13;s:2:\"27\";i:14;s:2:\"28\";i:15;s:2:\"29\";i:16;s:2:\"30\";i:17;s:2:\"31\";i:18;s:2:\"32\";i:19;s:2:\"33\";i:20;s:2:\"34\";i:21;s:2:\"35\";i:22;s:2:\"36\";i:23;s:2:\"37\";i:24;s:2:\"38\";i:25;s:2:\"39\";i:26;s:2:\"40\";i:27;s:2:\"41\";i:28;s:2:\"42\";i:29;s:2:\"43\";i:30;s:2:\"44\";i:31;s:2:\"45\";i:32;s:2:\"46\";i:33;s:2:\"47\";i:34;s:2:\"48\";i:35;s:2:\"49\";i:36;s:2:\"50\";i:37;s:2:\"51\";i:38;s:2:\"52\";i:39;s:2:\"53\";i:40;s:2:\"54\";i:41;s:2:\"55\";i:42;s:2:\"56\";i:43;s:2:\"57\";}','admin','::1','2021-01-27 21:39:01'),(687,'products',10,'toppings','Update','a:1:{i:0;s:2:\"76\";}','a:44:{i:0;s:2:\"14\";i:1;s:2:\"15\";i:2;s:2:\"16\";i:3;s:2:\"17\";i:4;s:2:\"18\";i:5;s:2:\"19\";i:6;s:2:\"20\";i:7;s:2:\"21\";i:8;s:2:\"22\";i:9;s:2:\"23\";i:10;s:2:\"24\";i:11;s:2:\"25\";i:12;s:2:\"26\";i:13;s:2:\"27\";i:14;s:2:\"28\";i:15;s:2:\"29\";i:16;s:2:\"30\";i:17;s:2:\"31\";i:18;s:2:\"32\";i:19;s:2:\"33\";i:20;s:2:\"34\";i:21;s:2:\"35\";i:22;s:2:\"36\";i:23;s:2:\"37\";i:24;s:2:\"38\";i:25;s:2:\"39\";i:26;s:2:\"40\";i:27;s:2:\"41\";i:28;s:2:\"42\";i:29;s:2:\"43\";i:30;s:2:\"44\";i:31;s:2:\"45\";i:32;s:2:\"46\";i:33;s:2:\"47\";i:34;s:2:\"48\";i:35;s:2:\"49\";i:36;s:2:\"50\";i:37;s:2:\"51\";i:38;s:2:\"52\";i:39;s:2:\"53\";i:40;s:2:\"54\";i:41;s:2:\"55\";i:42;s:2:\"56\";i:43;s:2:\"57\";}','admin','::1','2021-01-27 21:42:42'),(688,'toppings',76,'saleableQty','Update','0','','admin','::1','2021-01-27 21:43:27'),(689,'toppings',76,'products','Update','a:8:{i:0;s:1:\"4\";i:1;s:1:\"5\";i:2;s:1:\"6\";i:3;s:1:\"7\";i:4;s:1:\"8\";i:5;s:1:\"9\";i:6;s:2:\"10\";i:7;s:2:\"11\";}','a:2:{i:0;s:1:\"4\";i:1;s:1:\"5\";}','admin','::1','2021-01-27 21:43:27'),(690,'toppings',76,'saleableQty','Update','0','','admin','::1','2021-01-27 21:44:44'),(691,'toppings',76,'products','Update','a:2:{i:0;s:1:\"4\";i:1;s:1:\"5\";}','a:1:{i:0;s:1:\"5\";}','admin','::1','2021-01-27 21:44:44'),(692,'toppings',76,'saleableQty','Update','0','','admin','::1','2021-01-27 21:45:06'),(693,'toppings',76,'products','Update','a:1:{i:0;s:1:\"5\";}','N;','admin','::1','2021-01-27 21:45:06'),(694,'toppings',76,'saleableQty','Update','0','','admin','::1','2021-01-27 21:45:16'),(695,'toppings',76,'products','Update','N;','a:2:{i:0;s:1:\"4\";i:1;s:1:\"5\";}','admin','::1','2021-01-27 21:45:16'),(696,'toppings',76,'saleableQty','Update','0','','admin','::1','2021-01-27 21:45:44'),(697,'toppings',76,'products','Update','a:2:{i:0;s:1:\"4\";i:1;s:1:\"5\";}','N;','admin','::1','2021-01-27 21:45:44'),(698,'toppings',76,'saleableQty','Update','0','','admin','::1','2021-01-27 21:45:53'),(699,'toppings',76,'products','Update','N;','a:2:{i:0;s:1:\"4\";i:1;s:1:\"5\";}','admin','::1','2021-01-27 21:45:53'),(700,'toppings',76,'saleableQty','Update','0','','admin','::1','2021-01-27 21:47:57'),(701,'toppings',76,'products','Update','a:2:{i:0;s:1:\"4\";i:1;s:1:\"5\";}','N;','admin','::1','2021-01-27 21:47:57'),(702,'toppings',76,'saleableQty','Update','0','','admin','::1','2021-01-27 21:48:18'),(703,'toppings',76,'saleableQty','Update','0','','admin','::1','2021-01-27 21:48:22'),(704,'toppings',76,'saleableQty','Update','0','','admin','::1','2021-01-27 21:48:28'),(705,'toppings',76,'products','Update','N;','a:2:{i:0;s:1:\"4\";i:1;s:1:\"5\";}','admin','::1','2021-01-27 21:48:28'),(706,'toppings',76,'saleableQty','Update','0','','admin','::1','2021-01-27 21:53:03'),(707,'toppings',76,'products','Update','a:2:{i:0;s:1:\"4\";i:1;s:1:\"5\";}','N;','admin','::1','2021-01-27 21:53:03'),(708,'toppings',76,'saleableQty','Update','0','','admin','::1','2021-01-27 21:53:12'),(709,'toppings',76,'products','Update','N;','a:2:{i:0;s:1:\"4\";i:1;s:1:\"5\";}','admin','::1','2021-01-27 21:53:12'),(710,'toppings',76,'saleableQty','Update','0','','admin','::1','2021-01-27 21:53:40'),(711,'toppings',76,'products','Update','a:2:{i:0;s:1:\"4\";i:1;s:1:\"5\";}','a:8:{i:0;s:1:\"4\";i:1;s:1:\"5\";i:2;s:2:\"21\";i:3;s:2:\"22\";i:4;s:2:\"23\";i:5;s:2:\"24\";i:6;s:2:\"25\";i:7;s:2:\"26\";}','admin','::1','2021-01-27 21:53:40'),(712,'products',21,'toppings','Update','a:1:{i:0;s:2:\"76\";}','a:3:{i:0;s:2:\"10\";i:1;s:2:\"12\";i:2;s:2:\"76\";}','admin','::1','2021-01-27 21:54:23'),(713,'toppings',76,'saleableQty','Update','0','','admin','::1','2021-01-28 20:03:57'),(714,'toppings',76,'saleableQty','Update','0','','admin','::1','2021-01-28 20:09:09'),(715,'toppings',76,'saleableQty','Update','0','','admin','::1','2021-01-28 20:11:47'),(716,'products',4,'toppings','Update','a:0:{}','a:1:{i:0;s:2:\"76\";}','admin','::1','2021-01-28 20:12:22'),(717,'toppings',76,'saleableQty','Update','0','','admin','::1','2021-01-28 20:13:00'),(718,'toppings',76,'saleableQty','Update','0','','admin','::1','2021-01-28 20:14:59'),(719,'products',29,'toppings','Update','N;','a:4:{i:0;s:2:\"10\";i:1;s:2:\"11\";i:2;s:2:\"12\";i:3;s:2:\"13\";}','admin','::1','2021-01-28 20:36:12'),(720,'toppings',11,'saleableQty','Update','0','','admin','::1','2021-01-28 20:36:33'),(721,'products',29,'toppings','Update','a:3:{i:0;s:2:\"10\";i:2;s:2:\"12\";i:3;s:2:\"13\";}','N;','admin','::1','2021-01-28 20:36:51'),(722,'products',21,'toppings','Update','a:2:{i:0;s:2:\"10\";i:1;s:2:\"12\";}','N;','admin','::1','2021-01-28 20:37:21'),(723,'toppings',77,'Add new','Add new','','','admin','::1','2021-01-28 20:49:31'),(724,'products',4,'toppings','Update','a:2:{i:0;s:2:\"76\";i:1;i:77;}','N;','admin','::1','2021-01-28 20:49:46'),(725,'admincp_accounts',5,'Trash','Trash','','','admin','::1','2021-03-01 13:49:12'),(726,'admincp_accounts',4,'Trash','Trash','','','admin','::1','2021-03-01 13:49:12'),(727,'admincp_accounts',5,'Delete','Delete','','','admin','::1','2021-03-01 13:49:17'),(728,'admincp_accounts',4,'Delete','Delete','','','admin','::1','2021-03-01 13:49:17'),(729,'admincp_accounts',2,'permission','Update','2|rwd,1|rwd,4|rwd,3|rwd,185|rwd,12|rwd,8|rwd,7|rwd,84|rwd,83|rwd,105|rwd,118|rwd,121|rwd,150|rwd,155|rwd,177|rwd,176|rwd,184|rwd,188|rwd,193|rwd,199|rwd','121|rwd,105|rwd,2|rwd,4|rwd,84|rwd,176|rwd,193|rwd,199|rwd','admin','::1','2021-03-01 14:06:53'),(730,'admincp_accounts',2,'custom_permission','Update','0','1','admin','::1','2021-03-01 14:06:53'),(731,'common',1,'Add new','Add new','','','admin','::1','2021-03-01 14:12:11'),(732,'common',1,'status','Update',NULL,'1','admin','::1','2021-03-01 14:18:51'),(733,'common',1,'created','Update','2021-03-01 14:12:11','2021-03-01 14:18:51','admin','::1','2021-03-01 14:18:51'),(734,'common',1,'Delete','Delete','','','admin','::1','2021-03-01 14:20:01'),(735,'common',2,'Add new','Add new','','','admin','::1','2021-03-01 14:20:33'),(736,'common',2,'Delete','Delete','','','admin','::1','2021-03-01 14:20:39'),(737,'common',3,'Add new','Add new','','','admin','::1','2021-03-01 14:32:06'),(738,'common',4,'Add new','Add new','','','admin','::1','2021-03-01 14:32:27'),(739,'common',5,'Add new','Add new','','','admin','::1','2021-03-01 14:32:58'),(740,'categories',23,'Add new','Add new','','','admin','::1','2021-03-01 14:50:50'),(741,'categories',24,'Add new','Add new','','','admin','::1','2021-03-01 14:54:07'),(742,'categories',25,'Add new','Add new','','','admin','::1','2021-03-01 15:00:17'),(743,'admincp_accounts',2,'permission','Update','121|rwd,105|rwd,2|rwd,4|rwd,84|rwd,176|rwd,193|rwd,199|rwd,204|1|r','121|rwd,105|rwd,2|rwd,4|rwd,84|rwd,176|rwd,204|rwd,193|rwd,199|rwd','admin','::1','2021-03-03 04:14:14'),(744,'categories',26,'Add new','Add new','','','admin','::1','2021-03-03 04:20:36'),(745,'categories',27,'Add new','Add new','','','admin','::1','2021-03-03 04:20:57'),(746,'categories',28,'Add new','Add new','','','admin','::1','2021-03-03 04:21:20'),(747,'categories',29,'Add new','Add new','','','admin','::1','2021-03-03 04:21:37'),(748,'categories',30,'Add new','Add new','','','admin','::1','2021-03-03 04:21:53'),(749,'categories',29,'commonId','Update','','5','admin','::1','2021-03-03 04:29:13'),(750,'categories',30,'commonId','Update','','5','admin','::1','2021-03-03 04:29:20'),(751,'customers',1,'Add new','Add new','','','admin','::1','2021-03-03 04:32:09'),(752,'customers',2,'Add new','Add new','','','admin','::1','2021-03-03 04:42:35'),(753,'customers',1,'Trash','Trash','','','admin','::1','2021-03-03 04:42:44'),(754,'customers',2,'Trash','Trash','','','admin','::1','2021-03-03 04:43:12'),(755,'customers',2,'Delete','Delete','','','admin','::1','2021-03-03 04:44:27'),(756,'customers',1,'Delete','Delete','','','admin','::1','2021-03-03 04:44:27'),(757,'customers',3,'Add new','Add new','','','admin','::1','2021-03-03 04:46:25'),(758,'customers',3,'status','update','1','0','admin','::1','2021-03-03 04:46:28'),(759,'customers',3,'status','update','1','0','admin','::1','2021-03-03 04:46:30'),(760,'customers',3,'status','update','1','0','admin','::1','2021-03-03 04:46:31'),(761,'customers',3,'status','update','1','0','admin','::1','2021-03-03 04:46:31'),(762,'customers',3,'status','update','1','0','admin','::1','2021-03-03 04:46:32'),(763,'customers',3,'status','update','1','0','admin','::1','2021-03-03 04:46:47'),(764,'customers',3,'status','update','1','0','admin','::1','2021-03-03 04:46:48'),(765,'customers',3,'status','update','1','0','admin','::1','2021-03-03 04:46:49'),(766,'customers',3,'status','update','1','0','admin','::1','2021-03-03 04:46:50'),(767,'customers',3,'status','update','0','1','admin','::1','2021-03-03 04:47:00'),(768,'customers',3,'status','update','1','0','admin','::1','2021-03-03 04:51:28'),(769,'customers',3,'status','update','0','1','admin','::1','2021-03-03 04:52:16'),(770,'customers',3,'status','update','1','0','admin','::1','2021-03-03 04:53:32'),(771,'customers',3,'status','update','0','1','admin','::1','2021-03-03 04:53:33'),(772,'customers',3,'status','update','1','0','admin','::1','2021-03-03 04:53:34'),(773,'customers',3,'status','update','0','1','admin','::1','2021-03-03 04:53:34'),(774,'customers',3,'status','update','1','0','admin','::1','2021-03-03 04:53:35'),(775,'customers',3,'status','update','0','1','admin','::1','2021-03-03 04:53:37'),(776,'customers',3,'Trash','Trash','','','admin','::1','2021-03-03 04:53:41'),(777,'customers',3,'Restore','Restore','','','admin','::1','2021-03-03 04:54:37'),(778,'customers',3,'Trash','Trash','','','admin','::1','2021-03-03 04:55:06'),(779,'customers',3,'Restore','Restore','','','admin','::1','2021-03-03 04:55:26'),(780,'customers',3,'password','Update','c20ad4d76fe97759aa27a0c99bff6710','202cb962ac59075b964b07152d234b70','admin','::1','2021-03-03 04:56:17'),(781,'categories',31,'Add new','Add new','','','admin','::1','2021-03-04 21:22:22'),(782,'categories',32,'Add new','Add new','','','admin','::1','2021-03-04 21:22:40'),(783,'categories',33,'Add new','Add new','','','admin','::1','2021-03-04 21:22:54'),(784,'products',30,'Trash','Trash','','','admin','::1','2021-03-04 21:29:00'),(785,'products',30,'Delete','Delete','','','admin','::1','2021-03-04 21:29:04'),(786,'products',31,'unit','Update','Bc','Lt','admin','::1','2021-03-04 21:31:14'),(787,'products',31,'code','Update','CODE','CODE1','admin','::1','2021-03-04 23:32:11'),(788,'products',32,'Add new','Add new','','','admin','::1','2021-03-05 22:48:55'),(789,'products',33,'Add new','Add new','','','admin','::1','2021-03-05 22:52:49'),(790,'products',34,'Add new','Add new','','','admin','::1','2021-03-05 22:56:03'),(791,'products',35,'Add new','Add new','','','admin','::1','2021-03-05 23:03:16'),(792,'products',36,'Add new','Add new','','','admin','::1','2021-03-05 23:04:34'),(793,'categories',34,'Add new','Add new','','','admin','::1','2021-03-05 23:17:19'),(794,'admincp_accounts',2,'permission','Update','121|rwd,105|rwd,2|rwd,4|rwd,84|rwd,176|rwd,204|rwd,193|rwd,199|rwd,211|1|r','121|rwd,105|rwd,2|rwd,4|rwd,84|rwd,193|rwd,204|rwd,176|rwd,211|rwd,199|rwd','admin','::1','2021-03-06 14:05:46'),(795,'quote_detail',1,'Add new','Add new','','','admin','::1','2021-03-06 14:33:59'),(796,'quote_detail',1,'storeId','Update','29','28','admin','::1','2021-03-06 14:43:42'),(797,'quote_detail',1,'value','Update','50','60','admin','::1','2021-03-06 14:43:52'),(798,'customers',3,'password','Update','202cb962ac59075b964b07152d234b70','c20ad4d76fe97759aa27a0c99bff6710','admin','::1','2021-03-07 13:37:51'),(799,'products',35,'Trash','Trash','','','admin','::1','2021-03-07 16:27:16'),(800,'products',36,'Trash','Trash','','','admin','::1','2021-03-07 16:27:16'),(801,'products',35,'Delete','Delete','','','admin','::1','2021-03-07 16:27:21'),(802,'products',36,'Delete','Delete','','','admin','::1','2021-03-07 16:27:21'),(803,'products',34,'image','Update','2021/03/c5e9020c84a7cfd5aa53fd05d33770fe.png','2021/03/2252bfd940f33d5e34feea45855d9224.png','admin','::1','2021-03-07 16:29:49'),(804,'products',34,'order','Update',NULL,'1','admin','::1','2021-03-07 16:38:09'),(805,'products',33,'order','Update',NULL,'2','admin','::1','2021-03-07 16:39:03'),(806,'products',32,'order','Update',NULL,'9','admin','::1','2021-03-07 16:39:20'),(807,'products',31,'order','Update',NULL,'13','admin','::1','2021-03-07 16:39:40'),(808,'products',37,'Add new','Add new','','','admin','::1','2021-03-07 16:42:44'),(809,'customers',4,'Add new','Add new','','','admin','::1','2021-03-07 17:16:53'),(810,'customers',4,'storeId','Update','26','30','admin','::1','2021-03-10 12:10:31'),(811,'categories',34,'Trash','Trash','','','admin','::1','2021-03-10 16:53:12'),(812,'categories',34,'Delete','Delete','','','admin','::1','2021-03-10 16:53:16'),(813,'categories',31,'name','Update','Bc','BCH','admin','::1','2021-03-10 16:53:56'),(814,'categories',31,'slug','Update','boc','bich','admin','::1','2021-03-10 16:53:56'),(815,'categories',31,'content','Update','Bc','BCH','admin','::1','2021-03-10 16:53:56'),(816,'categories',32,'name','Update','Lt','BNH','admin','::1','2021-03-10 16:59:27'),(817,'categories',32,'slug','Update','lit','binh-s','admin','::1','2021-03-10 16:59:27'),(818,'categories',32,'content','Update','Lt','BNH','admin','::1','2021-03-10 16:59:27'),(819,'categories',33,'name','Update','Chai','CI','admin','::1','2021-03-10 16:59:48'),(820,'categories',33,'slug','Update','chai','cai','admin','::1','2021-03-10 16:59:48'),(821,'categories',33,'content','Update','Chai','CI','admin','::1','2021-03-10 16:59:48'),(822,'categories',35,'Add new','Add new','','','admin','::1','2021-03-10 17:00:00'),(823,'categories',36,'Add new','Add new','','','admin','::1','2021-03-10 17:00:11'),(824,'categories',35,'commonId','Update','','4','admin','::1','2021-03-10 17:00:17'),(825,'categories',37,'Add new','Add new','','','admin','::1','2021-03-10 17:00:32'),(826,'categories',38,'Add new','Add new','','','admin','::1','2021-03-10 17:00:51'),(827,'categories',39,'Add new','Add new','','','admin','::1','2021-03-10 17:01:08'),(828,'categories',40,'Add new','Add new','','','admin','::1','2021-03-10 17:01:20'),(829,'categories',41,'Add new','Add new','','','admin','::1','2021-03-10 17:01:30'),(830,'categories',42,'Add new','Add new','','','admin','::1','2021-03-10 17:01:43'),(831,'categories',43,'Add new','Add new','','','admin','::1','2021-03-10 17:01:55'),(832,'categories',44,'Add new','Add new','','','admin','::1','2021-03-10 17:02:06'),(833,'categories',43,'commonId','Update','','4','admin','::1','2021-03-10 17:02:11'),(834,'categories',44,'commonId','Update','','4','admin','::1','2021-03-10 17:02:16'),(835,'products',31,'name','Update','Test 1','Hng tr','admin','::1','2021-03-10 17:03:24'),(836,'products',31,'order','Update','13','100','admin','::1','2021-03-10 17:03:24'),(837,'products',31,'slug','Update','test-1','hong-tra','admin','::1','2021-03-10 17:03:24'),(838,'products',31,'type','Update','25','24','admin','::1','2021-03-10 17:03:24'),(839,'products',31,'unit','Update','Lt','BCH','admin','::1','2021-03-10 17:03:24'),(840,'products',31,'quote','Update','22','30','admin','::1','2021-03-10 17:03:24'),(841,'products',31,'description','Update','quoteAdmincp','Hng tr','admin','::1','2021-03-10 17:03:24'),(842,'products',32,'name','Update','Hng tr','Lc tr','admin','::1','2021-03-10 17:04:02'),(843,'products',32,'order','Update','9','99','admin','::1','2021-03-10 17:04:02'),(844,'products',32,'slug','Update','hong-tra','luc-tra','admin','::1','2021-03-10 17:04:02'),(845,'products',32,'unit','Update','Bc','BCH','admin','::1','2021-03-10 17:04:02'),(846,'products',32,'description','Update','Hng tr','Lc tr','admin','::1','2021-03-10 17:04:02'),(847,'products',32,'code','Update','HT003','','admin','::1','2021-03-10 17:04:10'),(848,'products',31,'code','Update','CODE1','','admin','::1','2021-03-10 17:04:14'),(849,'products',33,'name','Update','Tr thi xanh','Olong','admin','::1','2021-03-10 17:04:36'),(850,'products',33,'code','Update','TX','','admin','::1','2021-03-10 17:04:36'),(851,'products',33,'order','Update','2','98','admin','::1','2021-03-10 17:04:36'),(852,'products',33,'slug','Update','tra-thai-xanh','olong','admin','::1','2021-03-10 17:04:36'),(853,'products',33,'unit','Update','Bc','BCH','admin','::1','2021-03-10 17:04:36'),(854,'products',33,'description','Update','Tr thi xanh','Olong','admin','::1','2021-03-10 17:04:36'),(855,'products',34,'name','Update','Sa','Tr o','admin','::1','2021-03-10 17:05:12'),(856,'products',34,'code','Update','Sa','','admin','::1','2021-03-10 17:05:12'),(857,'products',34,'order','Update','1','97','admin','::1','2021-03-10 17:05:12'),(858,'products',34,'slug','Update','sua','tra-dao','admin','::1','2021-03-10 17:05:12'),(859,'products',34,'type','Update','25','24','admin','::1','2021-03-10 17:05:12'),(860,'products',34,'unit','Update','Lt','BCH','admin','::1','2021-03-10 17:05:12'),(861,'products',34,'quote','Update','44','40','admin','::1','2021-03-10 17:05:12'),(862,'products',34,'description','Update','Sa','Tr o','admin','::1','2021-03-10 17:05:12'),(863,'products',37,'name','Update','Cafe 3 mu','Khoai mn','admin','::1','2021-03-10 17:05:50'),(864,'products',37,'code','Update','CF3','','admin','::1','2021-03-10 17:05:50'),(865,'products',37,'order','Update','50','96','admin','::1','2021-03-10 17:05:50'),(866,'products',37,'slug','Update','cafe-3-mau','khoai-mon','admin','::1','2021-03-10 17:05:50'),(867,'products',37,'type','Update','25','24','admin','::1','2021-03-10 17:05:50'),(868,'products',37,'unit','Update','Chai','BCH','admin','::1','2021-03-10 17:05:50'),(869,'products',37,'description','Update','Cafe 3 mu','Khoai mn','admin','::1','2021-03-10 17:05:50'),(870,'products',38,'Add new','Add new','','','admin','::1','2021-03-10 17:06:29'),(871,'products',39,'Add new','Add new','','','admin','::1','2021-03-10 17:06:54'),(872,'products',40,'Add new','Add new','','','admin','::1','2021-03-10 17:29:20'),(873,'products',41,'Add new','Add new','','','admin','::1','2021-03-10 17:29:45'),(874,'products',42,'Add new','Add new','','','admin','::1','2021-03-10 17:30:19'),(875,'products',43,'Add new','Add new','','','admin','::1','2021-03-10 17:31:00'),(876,'products',44,'Add new','Add new','','','admin','::1','2021-03-10 17:40:00'),(877,'products',45,'Add new','Add new','','','admin','::1','2021-03-10 17:40:32'),(878,'products',46,'Add new','Add new','','','admin','::1','2021-03-10 17:40:52'),(879,'products',47,'Add new','Add new','','','admin','::1','2021-03-10 17:41:21'),(880,'products',48,'Add new','Add new','','','admin','::1','2021-03-10 17:41:42'),(881,'products',49,'Add new','Add new','','','admin','::1','2021-03-10 17:42:01'),(882,'products',50,'Add new','Add new','','','admin','::1','2021-03-10 17:42:32'),(883,'products',51,'Add new','Add new','','','admin','::1','2021-03-10 17:43:04'),(884,'products',52,'Add new','Add new','','','admin','::1','2021-03-10 17:54:14'),(885,'products',53,'Add new','Add new','','','admin','::1','2021-03-10 17:54:36'),(886,'products',54,'Add new','Add new','','','admin','::1','2021-03-10 17:55:02'),(887,'products',55,'Add new','Add new','','','admin','::1','2021-03-10 17:55:23'),(888,'products',56,'Add new','Add new','','','admin','::1','2021-03-10 17:55:44'),(889,'products',57,'Add new','Add new','','','admin','::1','2021-03-10 17:56:03'),(890,'products',58,'Add new','Add new','','','admin','::1','2021-03-10 17:56:23'),(891,'products',59,'Add new','Add new','','','admin','::1','2021-03-10 17:56:46'),(892,'products',60,'Add new','Add new','','','admin','::1','2021-03-10 17:57:10'),(893,'products',61,'Add new','Add new','','','admin','::1','2021-03-10 17:57:31'),(894,'products',62,'Add new','Add new','','','admin','::1','2021-03-10 17:57:53'),(895,'products',63,'Add new','Add new','','','admin','::1','2021-03-10 17:58:15'),(896,'products',64,'Add new','Add new','','','admin','::1','2021-03-10 17:58:38'),(897,'products',65,'Add new','Add new','','','admin','::1','2021-03-10 17:59:09'),(898,'products',62,'name','Update','M mm','M cng','admin','::1','2021-03-10 17:59:41'),(899,'products',62,'slug','Update','m-mem','m-cung','admin','::1','2021-03-10 17:59:41'),(900,'products',62,'description','Update','M mm','M cng','admin','::1','2021-03-10 17:59:41'),(901,'products',66,'Add new','Add new','','','admin','::1','2021-03-10 18:00:21'),(902,'products',67,'Add new','Add new','','','admin','::1','2021-03-10 18:01:16'),(903,'products',68,'Add new','Add new','','','admin','::1','2021-03-10 18:01:38'),(904,'products',69,'Add new','Add new','','','admin','::1','2021-03-10 18:02:02'),(905,'products',70,'Add new','Add new','','','admin','::1','2021-03-10 18:02:25'),(906,'products',71,'Add new','Add new','','','admin','::1','2021-03-10 18:02:43'),(907,'products',72,'Add new','Add new','','','admin','::1','2021-03-10 18:03:08'),(908,'products',73,'Add new','Add new','','','admin','::1','2021-03-10 18:03:35'),(909,'products',74,'Add new','Add new','','','admin','::1','2021-03-10 18:03:53'),(910,'products',75,'Add new','Add new','','','admin','::1','2021-03-10 18:04:14'),(911,'products',76,'Add new','Add new','','','admin','::1','2021-03-10 18:04:32'),(912,'products',77,'Add new','Add new','','','admin','::1','2021-03-10 18:05:04'),(913,'products',78,'Add new','Add new','','','admin','::1','2021-03-10 18:05:23'),(914,'products',79,'Add new','Add new','','','admin','::1','2021-03-10 18:05:44'),(915,'products',80,'Add new','Add new','','','admin','::1','2021-03-10 18:06:06'),(916,'products',81,'Add new','Add new','','','admin','::1','2021-03-10 18:06:29'),(917,'products',82,'Add new','Add new','','','admin','::1','2021-03-10 18:06:51'),(918,'products',83,'Add new','Add new','','','admin','::1','2021-03-10 18:07:13'),(919,'products',84,'Add new','Add new','','','admin','::1','2021-03-10 18:07:37'),(920,'products',85,'Add new','Add new','','','admin','::1','2021-03-10 18:08:00'),(921,'products',86,'Add new','Add new','','','admin','::1','2021-03-10 18:08:16'),(922,'products',87,'Add new','Add new','','','admin','::1','2021-03-10 18:08:35'),(923,'products',88,'Add new','Add new','','','admin','::1','2021-03-10 18:08:52'),(924,'products',89,'Add new','Add new','','','admin','::1','2021-03-10 18:09:13'),(925,'products',90,'Add new','Add new','','','admin','::1','2021-03-10 18:09:41'),(926,'products',91,'Add new','Add new','','','admin','::1','2021-03-10 18:10:02'),(927,'products',92,'Add new','Add new','','','admin','::1','2021-03-10 18:10:19'),(928,'products',93,'Add new','Add new','','','admin','::1','2021-03-10 18:10:56'),(929,'products',94,'Add new','Add new','','','admin','::1','2021-03-10 18:11:13'),(930,'products',95,'Add new','Add new','','','admin','::1','2021-03-10 18:11:33'),(931,'products',95,'name','Update','Siro PBT','Siro Da Li','admin','::1','2021-03-10 18:11:47'),(932,'products',95,'slug','Update','siro-pbt','siro-dua-luoi','admin','::1','2021-03-10 18:11:47'),(933,'products',95,'description','Update','Siro PBT','Siro Da Li','admin','::1','2021-03-10 18:11:47'),(934,'products',96,'Add new','Add new','','','admin','::1','2021-03-10 18:12:07'),(935,'products',97,'Add new','Add new','','','admin','::1','2021-03-10 18:12:25'),(936,'products',98,'Add new','Add new','','','admin','::1','2021-03-10 18:12:42'),(937,'products',99,'Add new','Add new','','','admin','::1','2021-03-10 18:13:00'),(938,'products',100,'Add new','Add new','','','admin','::1','2021-03-10 18:13:17'),(939,'products',101,'Add new','Add new','','','admin','::1','2021-03-10 18:13:45'),(940,'products',102,'Add new','Add new','','','admin','::1','2021-03-10 18:14:10'),(941,'products',103,'Add new','Add new','','','admin','::1','2021-03-10 18:14:28'),(942,'products',104,'Add new','Add new','','','admin','::1','2021-03-10 18:15:01'),(943,'products',105,'Add new','Add new','','','admin','::1','2021-03-10 18:15:21'),(944,'products',106,'Add new','Add new','','','admin','::1','2021-03-10 18:15:39'),(945,'products',107,'Add new','Add new','','','admin','::1','2021-03-10 18:15:57'),(946,'products',107,'name','Update','Siro Du','Siro Caramen','admin','::1','2021-03-10 18:16:08'),(947,'products',107,'slug','Update','siro-dau','siro-caramen','admin','::1','2021-03-10 18:16:08'),(948,'products',107,'description','Update','Siro Du','Siro Caramen','admin','::1','2021-03-10 18:16:08'),(949,'products',108,'Add new','Add new','','','admin','::1','2021-03-10 18:16:29'),(950,'products',109,'Add new','Add new','','','admin','::1','2021-03-10 18:16:51'),(951,'products',110,'Add new','Add new','','','admin','::1','2021-03-10 18:17:09'),(952,'products',111,'Add new','Add new','','','admin','::1','2021-03-10 18:17:28'),(953,'products',112,'Add new','Add new','','','admin','::1','2021-03-10 18:17:44'),(954,'admincp_accounts',5,'permission','Update','121|rwd,105|rwd,2|rwd,4|rwd,84|rwd,193|rwd,204|rwd,176|rwd,211|rwd,199|rwd,215|1|r,218|1|r,218|1|r,218|1|r,218|1|r,121|1|r','121|rwd,105|rwd,2|rwd,4|rwd,218|---,84|rwd,193|rwd,204|rwd,176|rwd,215|rwd,211|rwd,199|rwd','admin','::1','2021-03-10 20:40:08'),(955,'admincp_accounts',5,'permission','Update','121|rwd,105|rwd,2|rwd,4|rwd,218|---,84|rwd,193|rwd,204|rwd,176|rwd,215|rwd,211|rwd,199|rwd','121|rwd,105|rwd,2|rwd,4|rwd,218|rwd,84|rwd,193|rwd,204|rwd,176|rwd,215|rwd,211|rwd,199|rwd','admin','::1','2021-03-10 20:40:37'),(956,'admincp_accounts',5,'permission','Update','121|rwd,105|rwd,2|rwd,4|rwd,218|rwd,84|rwd,193|rwd,204|rwd,176|rwd,215|rwd,211|rwd,199|rwd','121|rwd,105|rwd,2|rwd,4|rwd,218|---,84|rwd,193|rwd,204|rwd,176|rwd,215|rwd,211|rwd,199|rwd','admin','::1','2021-03-10 20:42:12'),(957,'admincp_accounts',5,'permission','Update','121|rwd,105|rwd,2|rwd,4|rwd,218|---,84|rwd,193|rwd,204|rwd,176|rwd,215|rwd,211|rwd,199|rwd','121|rwd,105|rwd,2|rwd,4|rwd,218|rwd,84|rwd,193|rwd,204|rwd,176|rwd,215|rwd,211|rwd,199|rwd','admin','::1','2021-03-10 20:43:07'),(958,'admincp_accounts',5,'permission','Update','121|rwd,105|rwd,2|rwd,4|rwd,218|rwd,84|rwd,193|rwd,204|rwd,176|rwd,215|rwd,211|rwd,199|rwd,121|1|r,121|1|r','121|rwd,105|rwd,2|rwd,4|rwd,218|---,84|rwd,193|rwd,204|rwd,176|rwd,215|rwd,211|rwd,199|rwd','admin','::1','2021-03-10 20:47:23'),(959,'admincp_accounts',5,'permission','Update','121|rwd,105|rwd,2|rwd,4|rwd,218|---,84|rwd,193|rwd,204|rwd,176|rwd,215|rwd,211|rwd,199|rwd','121|rwd,105|rwd,2|rwd,4|rwd,218|rwd,84|rwd,193|rwd,204|rwd,176|rwd,215|rwd,211|rwd,199|rwd','admin','::1','2021-03-10 20:47:33'),(960,'history',50,'Trash','Trash','','','admin','::1','2021-03-10 21:06:13'),(961,'history',50,'Trash','Trash','','','admin','::1','2021-03-10 21:06:31'),(962,'history',50,'Trash','Trash','','','admin','::1','2021-03-10 21:07:02'),(963,'admincp_accounts',2,'permission','Update','121|rwd,105|rwd,2|rwd,4|rwd,84|rwd,193|rwd,204|rwd,176|rwd,211|rwd,199|rwd,215|1|r,218|1|r','121|rwd,105|rwd,2|rwd,4|rwd,218|---,84|rwd,193|rwd,204|rwd,176|rwd,215|---,211|rwd,199|---','admin','::1','2021-03-11 14:40:25'),(964,'admincp_accounts',2,'permission','Update','121|rwd,105|rwd,2|rwd,4|rwd,218|---,84|rwd,193|rwd,204|rwd,176|rwd,215|---,211|rwd,199|---','121|rwd,105|rwd,2|rwd,4|rwd,218|---,84|rwd,193|rwd,204|rwd,176|rwd,215|---,211|rwd,199|rwd','admin','::1','2021-03-11 14:40:39'),(965,'admincp_accounts',2,'permission','Update','121|rwd,105|rwd,2|rwd,4|rwd,218|---,84|rwd,193|rwd,204|rwd,176|rwd,215|---,211|rwd,199|rwd','121|rwd,105|rwd,2|rwd,4|rwd,218|rwd,84|rwd,193|rwd,204|rwd,176|rwd,215|rwd,211|rwd,199|rwd','admin','::1','2021-03-11 14:41:03'),(966,'categories',45,'Add new','Add new','','','admin','::1','2021-03-11 15:05:55'),(967,'customers',6,'Add new','Add new','','','admin','::1','2021-03-11 15:08:00'),(968,'categories',46,'Add new','Add new','','','admin','42.117.167.164','2021-03-11 17:00:38'),(969,'admincp_accounts',2,'permission','Update','121|rwd,105|rwd,2|rwd,4|rwd,218|rwd,84|rwd,193|rwd,204|rwd,176|rwd,215|rwd,211|rwd,199|rwd','121|rwd,105|rwd,2|rwd,4|rwd,218|rwd,84|rwd,193|rwd,204|rwd,176|rwd,215|---,211|rwd,199|rwd','admin','42.117.167.164','2021-03-11 17:10:36'),(970,'admincp_accounts',2,'permission','Update','121|rwd,105|rwd,2|rwd,4|rwd,218|rwd,84|rwd,193|rwd,204|rwd,176|rwd,215|---,211|rwd,199|rwd','121|rwd,105|rwd,2|rwd,4|rwd,218|rwd,84|rwd,193|rwd,204|rwd,176|rwd,215|rwd,211|rwd,199|rwd','admin','42.117.167.164','2021-03-11 17:11:02'),(971,'customers',7,'Add new','Add new','','','admin','42.117.167.164','2021-03-11 17:12:26'),(972,'categories',47,'Add new','Add new','','','admin','42.117.167.164','2021-03-11 18:19:00'),(973,'categories',48,'Add new','Add new','','','admin','42.117.167.164','2021-03-11 18:19:11'),(974,'categories',49,'Add new','Add new','','','admin','42.117.167.164','2021-03-11 18:19:25'),(975,'categories',50,'Add new','Add new','','','admin','42.117.167.164','2021-03-11 18:19:35'),(976,'categories',51,'Add new','Add new','','','admin','42.117.167.164','2021-03-11 18:19:46'),(977,'products',112,'type','Update','24','51','admin','42.117.167.164','2021-03-11 18:20:26'),(978,'products',111,'type','Update','24','51','admin','42.117.167.164','2021-03-11 18:20:45'),(979,'products',110,'type','Update','24','51','admin','42.117.167.164','2021-03-11 18:20:59'),(980,'products',109,'type','Update','24','51','admin','42.117.167.164','2021-03-11 18:21:13'),(981,'products',108,'type','Update','24','50','admin','42.117.167.164','2021-03-11 18:21:31'),(982,'products',107,'type','Update','24','50','admin','42.117.167.164','2021-03-11 18:21:45'),(983,'customers',7,'password','Update','202cb962ac59075b964b07152d234b70','698d51a19d8a121ce581499d7b701668','admin','1.52.50.91','2021-03-12 00:30:49'),(984,'categories',44,'Trash','Trash','','','admin','1.53.112.203','2021-03-13 15:14:28'),(985,'categories',41,'Trash','Trash','','','admin','1.53.112.203','2021-03-13 15:14:28'),(986,'categories',42,'Trash','Trash','','','admin','1.53.112.203','2021-03-13 15:14:28'),(987,'categories',39,'Trash','Trash','','','admin','1.53.112.203','2021-03-13 15:14:28'),(988,'categories',40,'Trash','Trash','','','admin','1.53.112.203','2021-03-13 15:14:29'),(989,'categories',43,'Trash','Trash','','','admin','1.53.112.203','2021-03-13 15:14:29'),(990,'categories',37,'Trash','Trash','','','admin','1.53.112.203','2021-03-13 15:14:29'),(991,'categories',36,'Trash','Trash','','','admin','1.53.112.203','2021-03-13 15:14:29'),(992,'categories',38,'Trash','Trash','','','admin','1.53.112.203','2021-03-13 15:14:29'),(993,'categories',35,'Trash','Trash','','','admin','1.53.112.203','2021-03-13 15:14:29'),(994,'categories',33,'Trash','Trash','','','admin','1.53.112.203','2021-03-13 15:14:33'),(995,'categories',42,'Delete','Delete','','','admin','1.53.112.203','2021-03-13 15:14:33'),(996,'categories',43,'Delete','Delete','','','admin','1.53.112.203','2021-03-13 15:14:33'),(997,'categories',44,'Delete','Delete','','','admin','1.53.112.203','2021-03-13 15:14:33'),(998,'categories',32,'Trash','Trash','','','admin','1.53.112.203','2021-03-13 15:14:33'),(999,'categories',31,'Trash','Trash','','','admin','1.53.112.203','2021-03-13 15:14:33'),(1000,'categories',41,'Delete','Delete','','','admin','1.53.112.203','2021-03-13 15:14:33'),(1001,'categories',40,'Delete','Delete','','','admin','1.53.112.203','2021-03-13 15:14:34'),(1002,'categories',39,'Delete','Delete','','','admin','1.53.112.203','2021-03-13 15:14:34'),(1003,'categories',38,'Delete','Delete','','','admin','1.53.112.203','2021-03-13 15:14:34'),(1004,'categories',37,'Delete','Delete','','','admin','1.53.112.203','2021-03-13 15:14:39'),(1005,'categories',33,'Delete','Delete','','','admin','1.53.112.203','2021-03-13 15:14:39'),(1006,'categories',36,'Delete','Delete','','','admin','1.53.112.203','2021-03-13 15:14:39'),(1007,'categories',32,'Delete','Delete','','','admin','1.53.112.203','2021-03-13 15:14:39'),(1008,'categories',31,'Delete','Delete','','','admin','1.53.112.203','2021-03-13 15:14:39'),(1009,'categories',35,'Delete','Delete','','','admin','1.53.112.203','2021-03-13 15:14:39'),(1010,'categories',52,'Add new','Add new','','','admin','1.53.112.203','2021-03-13 15:14:56'),(1011,'categories',53,'Add new','Add new','','','admin','1.53.112.203','2021-03-13 15:15:40'),(1012,'categories',54,'Add new','Add new','','','admin','1.53.112.203','2021-03-13 15:19:33'),(1013,'categories',55,'Add new','Add new','','','admin','1.53.112.203','2021-03-13 15:24:34'),(1014,'categories',56,'Add new','Add new','','','admin','1.53.112.203','2021-03-13 15:24:49'),(1015,'categories',57,'Add new','Add new','','','admin','1.53.112.203','2021-03-13 15:25:13'),(1016,'categories',56,'name','Update','CY','cy','admin','1.53.112.203','2021-03-13 15:25:30'),(1017,'categories',58,'Add new','Add new','','','admin','1.53.112.203','2021-03-13 15:25:47'),(1018,'categories',59,'Add new','Add new','','','admin','1.53.112.203','2021-03-13 15:26:14'),(1019,'categories',60,'Add new','Add new','','','admin','1.53.112.203','2021-03-13 15:26:28'),(1020,'categories',61,'Add new','Add new','','','admin','1.53.112.203','2021-03-13 15:26:39'),(1021,'categories',62,'Add new','Add new','','','admin','1.53.112.203','2021-03-13 15:27:21'),(1022,'categories',63,'Add new','Add new','','','admin','1.53.112.203','2021-03-13 15:27:34'),(1023,'categories',64,'Add new','Add new','','','admin','1.53.112.203','2021-03-13 15:27:50'),(1024,'categories',65,'Add new','Add new','','','admin','1.53.112.203','2021-03-13 15:28:02'),(1025,'categories',66,'Add new','Add new','','','admin','1.53.112.203','2021-03-13 15:28:16'),(1026,'categories',67,'Add new','Add new','','','admin','1.53.112.203','2021-03-13 15:28:29'),(1027,'categories',68,'Add new','Add new','','','admin','1.53.112.203','2021-03-13 15:29:40'),(1028,'categories',68,'Trash','Trash','','','admin','1.53.112.203','2021-03-13 15:31:44'),(1029,'categories',68,'Delete','Delete','','','admin','1.53.112.203','2021-03-13 15:31:54'),(1030,'categories',69,'Add new','Add new','','','admin','1.53.112.203','2021-03-13 15:32:09'),(1031,'categories',69,'Trash','Trash','','','admin','1.53.112.203','2021-03-13 15:36:17'),(1032,'categories',69,'Delete','Delete','','','admin','1.53.112.203','2021-03-13 15:36:21'),(1033,'categories',70,'Add new','Add new','','','admin','1.53.112.203','2021-03-13 15:36:34'),(1034,'categories',24,'Trash','Trash','','','admin','1.53.112.203','2021-03-13 15:41:03'),(1035,'categories',24,'Delete','Delete','','','admin','1.53.112.203','2021-03-13 15:41:07'),(1036,'products',1,'Add new','Add new','','','admin','1.53.112.203','2021-03-13 17:39:25'),(1037,'products',2,'Add new','Add new','','','admin','1.53.112.203','2021-03-13 17:41:19'),(1038,'products',3,'Add new','Add new','','','admin','1.53.112.203','2021-03-13 17:42:28'),(1039,'products',4,'Add new','Add new','','','admin','1.53.112.203','2021-03-13 17:47:18'),(1040,'products',5,'Add new','Add new','','','admin','1.53.112.203','2021-03-13 17:47:31'),(1041,'products',6,'Add new','Add new','','','admin','1.53.112.203','2021-03-13 17:47:44'),(1042,'products',7,'Add new','Add new','','','admin','1.53.112.203','2021-03-13 17:48:03'),(1043,'products',8,'Add new','Add new','','','admin','1.53.112.203','2021-03-13 17:48:20'),(1044,'products',9,'Add new','Add new','','','admin','1.53.112.203','2021-03-13 17:48:31'),(1045,'products',10,'Add new','Add new','','','admin','1.53.112.203','2021-03-13 17:48:42'),(1046,'products',11,'Add new','Add new','','','admin','1.53.112.203','2021-03-13 17:50:18'),(1047,'products',12,'Add new','Add new','','','admin','1.53.112.203','2021-03-13 17:50:30'),(1048,'products',13,'Add new','Add new','','','admin','1.53.112.203','2021-03-13 17:51:09'),(1049,'products',14,'Add new','Add new','','','admin','1.53.112.203','2021-03-13 17:51:22'),(1050,'products',15,'Add new','Add new','','','admin','1.53.112.203','2021-03-13 17:51:33'),(1051,'products',16,'Add new','Add new','','','admin','1.53.112.203','2021-03-13 17:51:44'),(1052,'products',17,'Add new','Add new','','','admin','1.53.112.203','2021-03-13 17:51:52'),(1053,'products',18,'Add new','Add new','','','admin','1.53.112.203','2021-03-13 17:52:03'),(1054,'products',19,'Add new','Add new','','','admin','1.53.112.203','2021-03-13 17:52:16'),(1055,'products',20,'Add new','Add new','','','admin','1.53.112.203','2021-03-13 17:52:28'),(1056,'products',21,'Add new','Add new','','','admin','1.53.112.203','2021-03-13 17:52:42'),(1057,'products',22,'Add new','Add new','','','admin','1.53.112.203','2021-03-13 17:56:42'),(1058,'products',23,'Add new','Add new','','','admin','1.53.112.203','2021-03-13 17:57:16'),(1059,'products',24,'Add new','Add new','','','admin','1.53.112.203','2021-03-13 17:57:39'),(1060,'products',25,'Add new','Add new','','','admin','1.53.112.203','2021-03-13 17:58:01'),(1061,'products',26,'Add new','Add new','','','admin','1.53.112.203','2021-03-13 17:58:18'),(1062,'products',27,'Add new','Add new','','','admin','1.53.112.203','2021-03-13 17:58:51'),(1063,'products',28,'Add new','Add new','','','admin','1.53.112.203','2021-03-13 17:59:01'),(1064,'products',29,'Add new','Add new','','','admin','1.53.112.203','2021-03-13 17:59:14'),(1065,'products',30,'Add new','Add new','','','admin','1.53.112.203','2021-03-13 17:59:24'),(1066,'products',31,'Add new','Add new','','','admin','1.53.112.203','2021-03-13 17:59:36'),(1067,'products',32,'Add new','Add new','','','admin','1.53.112.203','2021-03-13 17:59:52'),(1068,'products',33,'Add new','Add new','','','admin','1.53.112.203','2021-03-13 18:00:04'),(1069,'products',34,'Add new','Add new','','','admin','1.53.112.203','2021-03-13 18:00:22'),(1070,'products',35,'Add new','Add new','','','admin','1.53.112.203','2021-03-13 18:00:37'),(1071,'products',36,'Add new','Add new','','','admin','1.53.112.203','2021-03-13 18:00:49'),(1072,'products',37,'Add new','Add new','','','admin','1.53.112.203','2021-03-13 18:01:02'),(1073,'products',38,'Add new','Add new','','','admin','1.53.112.203','2021-03-13 18:01:30'),(1074,'products',39,'Add new','Add new','','','admin','1.53.112.203','2021-03-13 18:01:41'),(1075,'products',40,'Add new','Add new','','','admin','1.53.112.203','2021-03-13 18:01:55'),(1076,'categories',57,'Trash','Trash','','','admin','1.53.112.203','2021-03-13 18:02:49'),(1077,'categories',57,'Delete','Delete','','','admin','1.53.112.203','2021-03-13 18:02:52'),(1078,'categories',71,'Add new','Add new','','','admin','1.53.112.203','2021-03-13 18:21:51'),(1079,'products',41,'Add new','Add new','','','admin','1.53.112.203','2021-03-13 18:42:12'),(1080,'products',42,'Add new','Add new','','','admin','1.53.112.203','2021-03-13 18:42:33'),(1081,'products',43,'Add new','Add new','','','admin','1.53.112.203','2021-03-13 18:42:45'),(1082,'products',44,'Add new','Add new','','','admin','1.53.112.203','2021-03-13 18:43:15'),(1083,'products',45,'Add new','Add new','','','admin','1.53.112.203','2021-03-13 18:43:40'),(1084,'products',46,'Add new','Add new','','','admin','1.53.112.203','2021-03-13 18:43:47'),(1085,'products',47,'Add new','Add new','','','admin','1.53.112.203','2021-03-13 18:43:56'),(1086,'products',48,'Add new','Add new','','','admin','1.53.112.203','2021-03-13 18:44:02'),(1087,'products',49,'Add new','Add new','','','admin','1.53.112.203','2021-03-13 18:44:21'),(1088,'products',50,'Add new','Add new','','','admin','1.53.112.203','2021-03-13 18:44:35'),(1089,'products',51,'Add new','Add new','','','admin','1.53.112.203','2021-03-13 18:44:45'),(1090,'products',52,'Add new','Add new','','','admin','1.53.112.203','2021-03-13 18:44:53'),(1091,'products',53,'Add new','Add new','','','admin','1.53.112.203','2021-03-13 18:45:02'),(1092,'products',54,'Add new','Add new','','','admin','1.53.112.203','2021-03-13 18:45:17'),(1093,'products',55,'Add new','Add new','','','admin','1.53.112.203','2021-03-13 18:45:24'),(1094,'products',56,'Add new','Add new','','','admin','1.53.112.203','2021-03-13 18:45:34'),(1095,'products',56,'name','Update','Siro Sm Di','Siro Sm Da','admin','1.53.112.203','2021-03-13 18:45:58'),(1096,'products',56,'slug','Update','siro-sam-duoi','siro-sam-dua','admin','1.53.112.203','2021-03-13 18:45:58'),(1097,'products',56,'description','Update','Siro Sm Di','Siro Sm Da','admin','1.53.112.203','2021-03-13 18:45:58'),(1098,'products',57,'Add new','Add new','','','admin','1.53.112.203','2021-03-13 18:46:21'),(1099,'products',58,'Add new','Add new','','','admin','1.53.112.203','2021-03-13 18:46:30'),(1100,'products',59,'Add new','Add new','','','admin','1.53.112.203','2021-03-13 18:46:44'),(1101,'products',60,'Add new','Add new','','','admin','1.53.112.203','2021-03-13 18:46:58'),(1102,'products',61,'Add new','Add new','','','admin','1.53.112.203','2021-03-13 18:47:13'),(1103,'products',62,'Add new','Add new','','','admin','1.53.112.203','2021-03-13 18:47:29'),(1104,'products',63,'Add new','Add new','','','admin','1.53.112.203','2021-03-13 18:47:39'),(1105,'products',64,'Add new','Add new','','','admin','1.53.112.203','2021-03-13 18:47:51'),(1106,'products',65,'Add new','Add new','','','admin','1.53.112.203','2021-03-13 18:59:45'),(1107,'products',66,'Add new','Add new','','','admin','1.53.112.203','2021-03-13 18:59:56'),(1108,'products',67,'Add new','Add new','','','admin','1.53.112.203','2021-03-13 19:00:02'),(1109,'products',68,'Add new','Add new','','','admin','1.53.112.203','2021-03-13 19:00:10'),(1110,'products',69,'Add new','Add new','','','admin','1.53.112.203','2021-03-13 19:00:34'),(1111,'products',70,'Add new','Add new','','','admin','1.53.112.203','2021-03-13 19:00:50'),(1112,'products',71,'Add new','Add new','','','admin','1.53.112.203','2021-03-13 19:00:56'),(1113,'products',72,'Add new','Add new','','','admin','1.53.112.203','2021-03-13 19:01:04'),(1114,'products',73,'Add new','Add new','','','admin','1.53.112.203','2021-03-13 19:01:20'),(1115,'products',74,'Add new','Add new','','','admin','1.53.112.203','2021-03-13 19:01:32'),(1116,'products',75,'Add new','Add new','','','admin','1.53.112.203','2021-03-13 19:01:48'),(1117,'products',76,'Add new','Add new','','','admin','1.53.112.203','2021-03-13 19:02:04'),(1118,'products',77,'Add new','Add new','','','admin','1.53.112.203','2021-03-13 19:02:15'),(1119,'products',78,'Add new','Add new','','','admin','1.53.112.203','2021-03-13 19:02:28'),(1120,'products',79,'Add new','Add new','','','admin','1.53.112.203','2021-03-13 19:02:37'),(1121,'products',80,'Add new','Add new','','','admin','1.53.112.203','2021-03-13 19:02:45'),(1122,'products',81,'Add new','Add new','','','admin','1.53.112.203','2021-03-13 19:02:55'),(1123,'products',82,'Add new','Add new','','','admin','1.53.112.203','2021-03-13 19:03:13'),(1124,'products',83,'Add new','Add new','','','admin','1.53.112.203','2021-03-13 19:03:23'),(1125,'products',84,'Add new','Add new','','','admin','1.53.112.203','2021-03-13 19:03:32'),(1126,'products',85,'Add new','Add new','','','admin','1.53.112.203','2021-03-13 19:04:26'),(1127,'products',86,'Add new','Add new','','','admin','1.53.112.203','2021-03-13 19:04:43'),(1128,'products',87,'Add new','Add new','','','admin','1.53.112.203','2021-03-13 19:04:52'),(1129,'products',88,'Add new','Add new','','','admin','1.53.112.203','2021-03-13 19:05:18'),(1130,'products',89,'Add new','Add new','','','admin','1.53.112.203','2021-03-13 19:05:33'),(1131,'products',90,'Add new','Add new','','','admin','1.53.112.203','2021-03-13 19:05:41'),(1132,'products',91,'Add new','Add new','','','admin','1.53.112.203','2021-03-13 19:05:49'),(1133,'products',92,'Add new','Add new','','','admin','1.53.112.203','2021-03-13 19:06:01'),(1134,'products',93,'Add new','Add new','','','admin','1.53.112.203','2021-03-13 19:06:08'),(1135,'products',91,'unit','Update','Cun','Chai','admin','1.53.112.203','2021-03-13 19:06:15'),(1136,'admincp_accounts',2,'permission','Update','121|rwd,105|rwd,2|rwd,4|rwd,218|rwd,84|rwd,193|rwd,204|rwd,176|rwd,215|rwd,211|rwd,199|rwd,237|1|r,235|1|r','121|rwd,105|rwd,2|rwd,4|rwd,218|rwd,84|rwd,235|rwd,199|rwd,193|rwd,204|rwd,215|rwd,211|rwd,237|rwd','admin','1.53.112.203','2021-03-13 19:07:28'),(1137,'customers',7,'Add new','Add new','','','admin','1.53.112.203','2021-03-13 19:09:29'),(1138,'categories',72,'Add new','Add new','','','admin','1.52.23.0','2021-03-14 00:22:20'),(1139,'customers',8,'Add new','Add new','','','admin','1.52.23.0','2021-03-14 00:26:02'),(1140,'admincp_accounts',6,'Add new','Add new','','','admin','1.52.23.0','2021-03-14 00:28:31'),(1141,'categories',73,'Add new','Add new','','','TomHero','1.52.23.0','2021-03-14 00:41:44'),(1142,'categories',74,'Add new','Add new','','','TomHero','1.52.23.0','2021-03-14 00:42:05'),(1143,'categories',75,'Add new','Add new','','','TomHero','1.52.23.0','2021-03-14 00:42:43'),(1144,'categories',76,'Add new','Add new','','','TomHero','1.52.23.0','2021-03-14 00:43:19'),(1145,'products',16,'order','Update','496','4960','TomHero','1.52.23.0','2021-03-14 00:50:20'),(1146,'products',19,'order','Update','491','496','TomHero','1.52.23.0','2021-03-14 00:50:32'),(1147,'products',16,'order','Update','4960','490','TomHero','1.52.23.0','2021-03-14 00:51:13'),(1148,'products',20,'order','Update','489','494','TomHero','1.52.23.0','2021-03-14 00:51:31'),(1149,'products',18,'order','Update','493','488','TomHero','1.52.23.0','2021-03-14 00:54:33'),(1150,'products',21,'order','Update','488','493','TomHero','1.52.23.0','2021-03-14 00:54:39'),(1151,'products',17,'order','Update','494','489','TomHero','1.52.23.0','2021-03-14 00:55:06'),(1152,'customers',9,'Add new','Add new','','','TomHero','1.52.23.0','2021-03-14 01:12:50'),(1153,'customers',10,'Add new','Add new','','','TomHero','1.52.23.0','2021-03-14 01:14:03'),(1154,'customers',8,'name','Update','','NTMK','TomHero','1.52.23.0','2021-03-14 01:14:18'),(1155,'customers',11,'Add new','Add new','','','TomHero','1.52.23.0','2021-03-14 01:14:52'),(1156,'customers',12,'Add new','Add new','','','TomHero','1.52.23.0','2021-03-14 01:15:26'),(1157,'customers',13,'Add new','Add new','','','TomHero','1.52.23.0','2021-03-14 01:17:06'),(1158,'admincp_accounts',7,'Add new','Add new','','','TomHero','1.52.23.0','2021-03-14 01:20:09'),(1159,'admincp_accounts',7,'permission','Update','121|---,105|---,2|---,4|---,218|---,84|---,235|---,199|---,193|---,204|---,215|rwd,211|---,237|---','121|---,105|---,2|---,4|---,218|---,84|---,235|---,199|---,193|---,204|---,215|rwd,211|r--,237|---','TomHero','1.52.23.0','2021-03-14 01:24:00'),(1160,'admincp_accounts',7,'permission','Update','121|---,105|---,2|---,4|---,218|---,84|---,235|---,199|---,193|---,204|---,215|rwd,211|r--,237|---','121|---,105|---,2|---,4|---,218|---,84|---,235|---,199|---,193|---,204|r--,215|rwd,211|---,237|---','TomHero','1.52.23.0','2021-03-14 01:25:29'),(1161,'admincp_accounts',7,'permission','Update','121|---,105|---,2|---,4|---,218|---,84|---,235|---,199|---,193|---,204|r--,215|rwd,211|---,237|---','121|---,105|---,2|---,4|---,218|---,84|---,235|---,199|---,193|r--,204|---,215|rwd,211|---,237|---','TomHero','1.52.23.0','2021-03-14 01:26:34'),(1162,'admincp_accounts',7,'permission','Update','121|---,105|---,2|---,4|---,218|---,84|---,235|---,199|---,193|r--,204|---,215|rwd,211|---,237|---','121|---,105|---,2|---,4|---,218|---,84|---,235|---,199|r--,193|---,204|---,215|rwd,211|---,237|---','TomHero','1.52.23.0','2021-03-14 01:27:22'),(1163,'admincp_accounts',7,'permission','Update','121|---,105|---,2|---,4|---,218|---,84|---,235|---,199|r--,193|---,204|---,215|rwd,211|---,237|---','121|---,105|---,2|---,4|---,218|---,84|---,235|r--,199|---,193|---,204|---,215|rwd,211|---,237|---','TomHero','1.52.23.0','2021-03-14 01:28:03'),(1164,'admincp_accounts',7,'permission','Update','121|---,105|---,2|---,4|---,218|---,84|---,235|r--,199|---,193|---,204|---,215|rwd,211|---,237|---','121|---,105|---,2|---,4|---,218|---,84|r--,235|r--,199|---,193|---,204|---,215|rwd,211|---,237|---','TomHero','1.52.23.0','2021-03-14 01:28:58'),(1165,'admincp_accounts',7,'permission','Update','121|---,105|---,2|---,4|---,218|---,84|r--,235|r--,199|---,193|---,204|---,215|rwd,211|---,237|---','121|---,105|---,2|---,4|---,218|r--,84|---,235|r--,199|---,193|---,204|---,215|rwd,211|---,237|---','TomHero','1.52.23.0','2021-03-14 01:29:58'),(1166,'admincp_accounts',7,'permission','Update','121|---,105|---,2|---,4|---,218|r--,84|---,235|r--,199|---,193|---,204|---,215|rwd,211|---,237|---','121|---,105|---,2|---,4|r--,218|r--,84|---,235|r--,199|---,193|---,204|---,215|rwd,211|---,237|---','TomHero','1.52.23.0','2021-03-14 01:30:56'),(1167,'admincp_accounts',7,'permission','Update','121|---,105|---,2|---,4|r--,218|r--,84|---,235|r--,199|---,193|---,204|---,215|rwd,211|---,237|---','121|---,105|---,2|---,4|---,218|r--,84|---,235|r--,199|---,193|---,204|---,215|rwd,211|---,237|---','TomHero','1.52.23.0','2021-03-14 01:33:02'),(1168,'quote_detail',1,'Add new','Add new','','','TomHero','42.117.167.164','2021-03-14 17:17:19'),(1169,'categories',56,'name','Update','cy','Cy','TomHero','42.117.167.164','2021-03-14 17:37:27'),(1170,'products',1,'unit','Update','Bch','Gram','TomHero','1.52.23.0','2021-03-14 21:54:29'),(1171,'products',2,'unit','Update','Bch','Gram','TomHero','1.52.23.0','2021-03-14 21:54:39'),(1172,'products',3,'unit','Update','Bch','Gram','TomHero','1.52.23.0','2021-03-14 21:54:53'),(1173,'categories',70,'order','Update','','6','TomHero','1.52.23.0','2021-03-14 22:33:15'),(1174,'categories',72,'order','Update','','5','TomHero','1.52.23.0','2021-03-14 22:33:19'),(1175,'categories',73,'order','Update','','4','TomHero','1.52.23.0','2021-03-14 22:33:24'),(1176,'categories',76,'order','Update','','3','TomHero','1.52.23.0','2021-03-14 22:33:28'),(1177,'categories',74,'order','Update','','2','TomHero','1.52.23.0','2021-03-14 22:33:33'),(1178,'categories',75,'order','Update','','1','TomHero','1.52.23.0','2021-03-14 22:33:37'),(1179,'categories',70,'order','Update','6','699','TomHero','1.52.23.0','2021-03-14 22:36:53'),(1180,'categories',72,'order','Update','5','698','TomHero','1.52.23.0','2021-03-14 22:36:58'),(1181,'categories',73,'order','Update','4','697','TomHero','1.52.23.0','2021-03-14 22:37:03'),(1182,'categories',76,'order','Update','3','696','TomHero','1.52.23.0','2021-03-14 22:37:09'),(1183,'categories',74,'order','Update','2','695','TomHero','1.52.23.0','2021-03-14 22:37:13'),(1184,'categories',75,'order','Update','1','693','TomHero','1.52.23.0','2021-03-14 22:37:18'),(1185,'quote_detail',1,'Trash','Trash','','','TomHero','1.52.23.0','2021-03-14 22:50:40'),(1186,'quote_detail',1,'Delete','Delete','','','TomHero','1.52.23.0','2021-03-14 22:58:53'),(1187,'categories',70,'order','Update','699','1','admin','1.53.112.203','2021-03-14 23:01:40'),(1188,'categories',72,'order','Update','698','1000','admin','1.53.112.203','2021-03-14 23:01:53'),(1189,'admincp_accounts',2,'permission','Update','121|rwd,105|rwd,2|rwd,4|rwd,218|rwd,84|rwd,235|rwd,199|rwd,193|rwd,204|rwd,215|rwd,211|rwd,237|rwd,245|1|r','121|rwd,105|rwd,2|rwd,4|rwd,218|rwd,84|rwd,237|rwd,235|rwd,199|rwd,193|rwd,204|rwd,215|rwd,211|rwd,245|rwd','admin','::1','2021-03-15 09:21:32'),(1190,'stores',76,'order','Update','5','10','admin','::1','2021-03-15 09:27:58'),(1191,'stores',75,'order','Update','5','11','admin','::1','2021-03-15 09:29:06'),(1192,'products',1,'viewAll','Update',NULL,'0','admin','::1','2021-03-15 15:52:16'),(1193,'products',1,'viewAll','Update',NULL,'0','admin','::1','2021-03-15 15:52:29'),(1194,'products',1,'viewAll','Update',NULL,'1','admin','::1','2021-03-15 16:02:11'),(1195,'products',1,'viewAll','Update','0','1','admin','::1','2021-03-15 16:02:33'),(1196,'stores',70,'order','Update','5','15','admin','::1','2021-03-16 14:04:18'),(1197,'products',1,'useStore','Update','','a:6:{i:0;s:2:\"70\";i:1;s:2:\"75\";i:2;s:2:\"76\";i:3;s:2:\"74\";i:4;s:2:\"73\";i:5;s:2:\"72\";}','admin','::1','2021-03-18 20:21:41'),(1198,'products',1,'useStore','Update','a:6:{i:0;s:2:\"70\";i:1;s:2:\"75\";i:2;s:2:\"76\";i:3;s:2:\"74\";i:4;s:2:\"73\";i:5;s:2:\"72\";}','70,75,76,74,73,72','admin','::1','2021-03-18 20:52:08'),(1199,'products',1,'useStore','Update','70,75,76,74,73,72','74,73,72','admin','::1','2021-03-18 20:52:21'),(1200,'products',1,'useStore','Update','74,73,72','70,74,73,72','admin','::1','2021-03-18 20:57:55'),(1201,'products',2,'useStore','Update',NULL,'70','admin','::1','2021-03-18 20:58:12'),(1202,'products',1,'viewAll','Update','1','0','admin','::1','2021-03-18 21:56:56'),(1203,'products',1,'useStore','Update','70,74,73,72','70,75,76,74,73,72','admin','::1','2021-03-18 22:30:06'),(1204,'products',1,'useStore','Update','70,75,76,74,73,72','75,76,74,73,72','admin','::1','2021-03-23 19:50:07'),(1205,'products',1,'useStore','Update','75,76,74,73,72','70,75,76,74,73,72','admin','::1','2021-03-23 19:52:38'),(1206,'products',1,'useStore','Update','70,75,76,74,73,72','75,76,74,73,72','admin','::1','2021-03-23 20:49:58'),(1207,'products',1,'useStore','Update','75,76,74,73,72','70,75,76,74,73,72','admin','::1','2021-03-23 21:00:38');

/*Table structure for table `admin_nqt_modules` */

DROP TABLE IF EXISTS `admin_nqt_modules`;

CREATE TABLE `admin_nqt_modules` (
  `id` int(11) NOT NULL AUTO_INCREMENT,
  `name` varchar(255) NOT NULL,
  `name_function` varchar(50) NOT NULL,
  `order` int(11) DEFAULT NULL,
  `status` tinyint(1) NOT NULL,
  `created` datetime NOT NULL,
  PRIMARY KEY (`id`)
) ENGINE=MyISAM AUTO_INCREMENT=248 DEFAULT CHARSET=utf8;

/*Data for the table `admin_nqt_modules` */

insert  into `admin_nqt_modules`(`id`,`name`,`name_function`,`order`,`status`,`created`) values (1,'Manager Account Group','admincp_account_groups',0,0,'2012-08-16 15:53:42'),(2,'Manager Account','admincp_accounts',2,1,'2012-08-16 15:53:42'),(3,'Manager Module','admincp_modules',0,0,'2012-08-16 15:53:42'),(4,'Manager Logs','admincp_logs',1,1,'2012-08-16 15:53:42'),(218,'History','history',0,1,'2021-03-10 20:38:53'),(84,'Static Pages Management','static_pages',0,1,'2015-06-14 19:36:38'),(105,'Categories Management','categories',3,1,'2015-06-20 12:51:53'),(121,'Banners','banners',6,1,'2015-07-04 22:32:44'),(211,'Quote detail','quote_detail',NULL,1,'2021-03-06 14:05:35'),(215,'Report','report',NULL,1,'2021-03-07 16:55:20'),(204,'Customers','customers',NULL,1,'2021-03-03 04:14:03'),(193,'Products','products',NULL,1,'2021-01-18 15:50:49'),(199,'Common','common',NULL,1,'2021-03-01 14:06:01'),(235,'Compare','compare',NULL,1,'2021-03-13 19:07:15'),(237,'Quote','quote',NULL,1,'2021-03-13 19:07:15'),(245,'Stores','stores',NULL,1,'2021-03-15 09:21:25');

/*Table structure for table `admin_nqt_settings` */

DROP TABLE IF EXISTS `admin_nqt_settings`;

CREATE TABLE `admin_nqt_settings` (
  `id` int(11) NOT NULL AUTO_INCREMENT,
  `slug` varchar(255) NOT NULL,
  `content` text NOT NULL,
  `modified` datetime NOT NULL,
  PRIMARY KEY (`id`)
) ENGINE=MyISAM AUTO_INCREMENT=2 DEFAULT CHARSET=utf8;

/*Data for the table `admin_nqt_settings` */

insert  into `admin_nqt_settings`(`id`,`slug`,`content`,`modified`) values (1,'title-admincp','aAdmin Control Panel','2015-05-18 13:28:02');

/*Table structure for table `admin_nqt_users` */

DROP TABLE IF EXISTS `admin_nqt_users`;

CREATE TABLE `admin_nqt_users` (
  `id` int(11) NOT NULL AUTO_INCREMENT,
  `username` varchar(50) NOT NULL,
  `password` varchar(50) NOT NULL,
  `group_id` int(11) NOT NULL,
  `permission` varchar(255) NOT NULL,
  `custom_permission` tinyint(1) NOT NULL,
  `status` tinyint(1) NOT NULL DEFAULT '1',
  `delete` tinyint(1) DEFAULT '0',
  `created` datetime NOT NULL,
  PRIMARY KEY (`id`)
) ENGINE=MyISAM AUTO_INCREMENT=8 DEFAULT CHARSET=utf8;

/*Data for the table `admin_nqt_users` */

insert  into `admin_nqt_users`(`id`,`username`,`password`,`group_id`,`permission`,`custom_permission`,`status`,`delete`,`created`) values (1,'root','e10adc3949ba59abbe56e057f20f883e',1,'2|rwd,1|rwd,4|rwd,3|rwd,185|rwd,12|rwd,8|rwd,7|rwd,84|rwd,83|rwd,105|rwd,118|rwd,121|rwd,150|rwd,155|rwd,177|rwd,176|rwd,184|rwd,188|rwd,193|rwd,199|rwd,204|rwd,211|rwd,215|rwd,218|rwd,237|rwd,235|rwd,245|rwd',0,1,0,'2012-08-28 14:52:42'),(2,'admin','c20ad4d76fe97759aa27a0c99bff6710',1,'121|rwd,105|rwd,2|rwd,4|rwd,218|rwd,84|rwd,237|rwd,235|rwd,199|rwd,193|rwd,204|rwd,215|rwd,211|rwd,245|rwd',1,1,0,'2012-08-28 14:52:59'),(6,'TomHero','390ba5f6b5f18dd4c63d7cda170a0c74',1,'121|rwd,105|rwd,2|rwd,4|rwd,218|rwd,84|rwd,235|rwd,199|rwd,193|rwd,204|rwd,215|rwd,211|rwd,237|rwd,245|1|r',1,1,0,'2021-03-14 00:28:31'),(7,'Coordinator','390ba5f6b5f18dd4c63d7cda170a0c74',1,'121|---,105|---,2|---,4|---,218|r--,84|---,235|r--,199|---,193|---,204|---,215|rwd,211|---,237|---,245|1|-',1,1,0,'2021-03-14 01:20:09');

/*Table structure for table `banners` */

DROP TABLE IF EXISTS `banners`;

CREATE TABLE `banners` (
  `id` int(11) NOT NULL AUTO_INCREMENT,
  `url` varchar(255) DEFAULT NULL,
  `image` varchar(255) DEFAULT NULL,
  `title` varchar(255) DEFAULT NULL,
  `description` text,
  `status` tinyint(1) DEFAULT '1',
  `delete` tinyint(1) DEFAULT '0',
  `created` datetime DEFAULT NULL,
  PRIMARY KEY (`id`)
) ENGINE=MyISAM AUTO_INCREMENT=17 DEFAULT CHARSET=utf8;

/*Data for the table `banners` */

/*Table structure for table `categories` */

DROP TABLE IF EXISTS `categories`;

CREATE TABLE `categories` (
  `id` bigint(11) NOT NULL AUTO_INCREMENT,
  `name` varchar(255) DEFAULT NULL,
  `slug` varchar(255) DEFAULT NULL,
  `content` text,
  `order` varchar(10) DEFAULT NULL,
  `commonId` varchar(20) DEFAULT NULL,
  `status` tinyint(1) DEFAULT '1',
  `delete` tinyint(1) DEFAULT '0',
  `created` datetime DEFAULT NULL,
  PRIMARY KEY (`id`)
) ENGINE=MyISAM AUTO_INCREMENT=77 DEFAULT CHARSET=utf8;

/*Data for the table `categories` */

insert  into `categories`(`id`,`name`,`slug`,`content`,`order`,`commonId`,`status`,`delete`,`created`) values (67,'Lon','lon','','','4',1,0,'2021-03-13 15:28:29'),(66,'Kg','kg','','','4',1,0,'2021-03-13 15:28:16'),(65,'H','hu','','','4',1,0,'2021-03-13 15:28:02'),(62,'Gi','goi','','','4',1,0,'2021-03-13 15:27:21'),(63,'Gram','gram','','','4',1,0,'2021-03-13 15:27:34'),(64,'Hp','hop','','','4',1,0,'2021-03-13 15:27:50'),(52,'Bao','bao','','','4',1,0,'2021-03-13 15:14:56'),(53,'Bch','bich','Bch','','4',1,0,'2021-03-13 15:15:40'),(54,'Bnh','binh','','','4',1,0,'2021-03-13 15:19:33'),(55,'Ci','cai','','','4',1,0,'2021-03-13 15:24:34'),(56,'Cy','cay','','','4',1,0,'2021-03-13 15:24:49'),(71,'Phn','phan','','','4',1,0,'2021-03-13 18:21:51'),(58,'Chai','chai','','','4',1,0,'2021-03-13 15:25:47'),(59,'C','cu','','','4',1,0,'2021-03-13 15:26:14'),(60,'Cun','cuon','','','4',1,0,'2021-03-13 15:26:28'),(61,'Ci','cai','','','4',1,0,'2021-03-13 15:26:39'),(47,'TR','tra','','','3',1,0,'2021-03-11 18:19:00'),(48,'TC','tc','','','3',1,0,'2021-03-11 18:19:11'),(49,'TOPPING','topping','','','3',1,0,'2021-03-11 18:19:25'),(50,'SIRO','siro','','','3',1,0,'2021-03-11 18:19:35'),(51,'Khc','khac','','','3',1,0,'2021-03-11 18:19:46');

/*Table structure for table `common` */

DROP TABLE IF EXISTS `common`;

CREATE TABLE `common` (
  `id` bigint(10) NOT NULL AUTO_INCREMENT,
  `code` varchar(20) COLLATE utf8mb4_unicode_ci DEFAULT NULL,
  `name` varchar(50) COLLATE utf8mb4_unicode_ci DEFAULT NULL,
  `content` text COLLATE utf8mb4_unicode_ci,
  `status` tinyint(1) DEFAULT '1',
  `delete` tinyint(1) DEFAULT '0',
  `created` datetime DEFAULT NULL,
  PRIMARY KEY (`id`)
) ENGINE=MyISAM AUTO_INCREMENT=6 DEFAULT CHARSET=utf8mb4 COLLATE=utf8mb4_unicode_ci;

/*Data for the table `common` */

insert  into `common`(`id`,`code`,`name`,`content`,`status`,`delete`,`created`) values (3,'PRODUCT','Sn phm','Sn phm',1,0,'2021-03-01 14:32:06'),(4,'UNIT','n v sn phm','n v sn phm',1,0,'2021-03-01 14:32:27'),(5,'STORE','Ca hng','Danh sch cc ca hng',1,0,'2021-03-01 14:32:58');

/*Table structure for table `infos` */

DROP TABLE IF EXISTS `infos`;

CREATE TABLE `infos` (
  `id` bigint(10) NOT NULL AUTO_INCREMENT,
  `name` varchar(250) COLLATE utf8_unicode_ci DEFAULT NULL,
  `mail` varchar(50) COLLATE utf8_unicode_ci DEFAULT NULL,
  `phone` varchar(50) COLLATE utf8_unicode_ci DEFAULT NULL,
  `phoneother` varchar(50) COLLATE utf8_unicode_ci DEFAULT NULL,
  `facebook` varchar(250) COLLATE utf8_unicode_ci DEFAULT NULL,
  `description` text COLLATE utf8_unicode_ci,
  `address` varchar(250) COLLATE utf8_unicode_ci DEFAULT NULL,
  `status` tinyint(1) DEFAULT NULL,
  `delete` tinyint(1) DEFAULT '0',
  `created` datetime DEFAULT NULL,
  PRIMARY KEY (`id`)
) ENGINE=MyISAM AUTO_INCREMENT=2 DEFAULT CHARSET=utf8 COLLATE=utf8_unicode_ci;

/*Data for the table `infos` */

insert  into `infos`(`id`,`name`,`mail`,`phone`,`phoneother`,`facebook`,`description`,`address`,`status`,`delete`,`created`) values (1,'LEOTEA','leotea@gmail.com','0977507753','0977507753','*',NULL,'*',1,0,'2021-01-14 19:39:49');

/*Table structure for table `inventory` */

DROP TABLE IF EXISTS `inventory`;

CREATE TABLE `inventory` (
  `id` bigint(10) NOT NULL AUTO_INCREMENT,
  `productId` bigint(10) DEFAULT NULL,
  `storeId` bigint(10) DEFAULT NULL,
  `value` decimal(10,0) DEFAULT NULL,
  `status` tinyint(1) DEFAULT '1',
  `delete` tinyint(1) DEFAULT '0',
  `created` datetime DEFAULT NULL,
  `update` datetime DEFAULT NULL,
  PRIMARY KEY (`id`)
) ENGINE=InnoDB AUTO_INCREMENT=559 DEFAULT CHARSET=utf8mb4 COLLATE=utf8mb4_unicode_ci;

/*Data for the table `inventory` */

insert  into `inventory`(`id`,`productId`,`storeId`,`value`,`status`,`delete`,`created`,`update`) values (1,1,70,'43',1,0,'2021-03-13 17:39:25','2021-04-13 21:07:30'),(2,2,70,'24',1,0,'2021-03-13 17:41:19','2021-04-13 21:04:40'),(3,3,70,'0',1,0,'2021-03-13 17:42:28',NULL),(4,4,70,'6',1,0,'2021-03-13 17:47:18','2021-03-14 22:36:46'),(5,5,70,'5',1,0,'2021-03-13 17:47:31','2021-03-14 22:36:43'),(6,6,70,'9',1,0,'2021-03-13 17:47:44','2021-03-14 22:36:41'),(7,7,70,'6',1,0,'2021-03-13 17:48:03','2021-03-14 22:36:39'),(8,8,70,'4',1,0,'2021-03-13 17:48:20','2021-03-14 22:36:36'),(9,9,70,'5',1,0,'2021-03-13 17:48:31','2021-03-14 22:36:35'),(10,10,70,'4',1,0,'2021-03-13 17:48:42','2021-03-14 22:36:34'),(11,11,70,'3',1,0,'2021-03-13 17:50:18','2021-03-14 22:36:33'),(12,12,70,'13',1,0,'2021-03-13 17:50:30','2021-03-14 22:36:32'),(13,13,70,'0',1,0,'2021-03-13 17:51:09',NULL),(14,14,70,'0',1,0,'2021-03-13 17:51:22',NULL),(15,15,70,'0',1,0,'2021-03-13 17:51:33',NULL),(16,16,70,'0',1,0,'2021-03-13 17:51:44',NULL),(17,17,70,'0',1,0,'2021-03-13 17:51:52',NULL),(18,18,70,'0',1,0,'2021-03-13 17:52:03',NULL),(19,19,70,'0',1,0,'2021-03-13 17:52:16',NULL),(20,20,70,'0',1,0,'2021-03-13 17:52:28',NULL),(21,21,70,'0',1,0,'2021-03-13 17:52:42',NULL),(22,22,70,'0',1,0,'2021-03-13 17:56:42',NULL),(23,23,70,'0',1,0,'2021-03-13 17:57:16',NULL),(24,24,70,'0',1,0,'2021-03-13 17:57:39',NULL),(25,25,70,'0',1,0,'2021-03-13 17:58:01',NULL),(26,26,70,'0',1,0,'2021-03-13 17:58:18',NULL),(27,27,70,'0',1,0,'2021-03-13 17:58:51',NULL),(28,28,70,'0',1,0,'2021-03-13 17:59:01',NULL),(29,29,70,'0',1,0,'2021-03-13 17:59:14',NULL),(30,30,70,'0',1,0,'2021-03-13 17:59:24',NULL),(31,31,70,'0',1,0,'2021-03-13 17:59:36',NULL),(32,32,70,'0',1,0,'2021-03-13 17:59:52',NULL),(33,33,70,'0',1,0,'2021-03-13 18:00:04',NULL),(34,34,70,'0',1,0,'2021-03-13 18:00:22',NULL),(35,35,70,'0',1,0,'2021-03-13 18:00:37',NULL),(36,36,70,'0',1,0,'2021-03-13 18:00:49',NULL),(37,37,70,'0',1,0,'2021-03-13 18:01:02',NULL),(38,38,70,'0',1,0,'2021-03-13 18:01:30',NULL),(39,39,70,'0',1,0,'2021-03-13 18:01:41',NULL),(40,40,70,'0',1,0,'2021-03-13 18:01:55',NULL),(41,41,70,'0',1,0,'2021-03-13 18:42:12',NULL),(42,42,70,'0',1,0,'2021-03-13 18:42:33',NULL),(43,43,70,'0',1,0,'2021-03-13 18:42:45',NULL),(44,44,70,'0',1,0,'2021-03-13 18:43:15',NULL),(45,45,70,'0',1,0,'2021-03-13 18:43:40',NULL),(46,46,70,'0',1,0,'2021-03-13 18:43:47',NULL),(47,47,70,'0',1,0,'2021-03-13 18:43:56',NULL),(48,48,70,'0',1,0,'2021-03-13 18:44:02',NULL),(49,49,70,'0',1,0,'2021-03-13 18:44:21',NULL),(50,50,70,'0',1,0,'2021-03-13 18:44:35',NULL),(51,51,70,'0',1,0,'2021-03-13 18:44:45',NULL),(52,52,70,'0',1,0,'2021-03-13 18:44:53',NULL),(53,53,70,'0',1,0,'2021-03-13 18:45:02',NULL),(54,54,70,'0',1,0,'2021-03-13 18:45:17',NULL),(55,55,70,'0',1,0,'2021-03-13 18:45:24',NULL),(56,56,70,'0',1,0,'2021-03-13 18:45:34',NULL),(57,57,70,'0',1,0,'2021-03-13 18:46:21',NULL),(58,58,70,'0',1,0,'2021-03-13 18:46:30',NULL),(59,59,70,'0',1,0,'2021-03-13 18:46:44',NULL),(60,60,70,'0',1,0,'2021-03-13 18:46:58',NULL),(61,61,70,'0',1,0,'2021-03-13 18:47:13',NULL),(62,62,70,'0',1,0,'2021-03-13 18:47:29',NULL),(63,63,70,'0',1,0,'2021-03-13 18:47:39',NULL),(64,64,70,'0',1,0,'2021-03-13 18:47:51',NULL),(65,65,70,'0',1,0,'2021-03-13 18:59:45',NULL),(66,66,70,'0',1,0,'2021-03-13 18:59:56',NULL),(67,67,70,'0',1,0,'2021-03-13 19:00:02',NULL),(68,68,70,'0',1,0,'2021-03-13 19:00:10',NULL),(69,69,70,'0',1,0,'2021-03-13 19:00:34',NULL),(70,70,70,'0',1,0,'2021-03-13 19:00:50',NULL),(71,71,70,'0',1,0,'2021-03-13 19:00:56',NULL),(72,72,70,'0',1,0,'2021-03-13 19:01:04',NULL),(73,73,70,'0',1,0,'2021-03-13 19:01:20',NULL),(74,74,70,'0',1,0,'2021-03-13 19:01:32',NULL),(75,75,70,'0',1,0,'2021-03-13 19:01:48',NULL),(76,76,70,'0',1,0,'2021-03-13 19:02:04',NULL),(77,77,70,'0',1,0,'2021-03-13 19:02:15',NULL),(78,78,70,'0',1,0,'2021-03-13 19:02:28',NULL),(79,79,70,'0',1,0,'2021-03-13 19:02:37',NULL),(80,80,70,'0',1,0,'2021-03-13 19:02:45',NULL),(81,81,70,'0',1,0,'2021-03-13 19:02:55',NULL),(82,82,70,'0',1,0,'2021-03-13 19:03:13',NULL),(83,83,70,'0',1,0,'2021-03-13 19:03:23',NULL),(84,84,70,'0',1,0,'2021-03-13 19:03:32',NULL),(85,85,70,'0',1,0,'2021-03-13 19:04:26',NULL),(86,86,70,'0',1,0,'2021-03-13 19:04:43',NULL),(87,87,70,'0',1,0,'2021-03-13 19:04:52',NULL),(88,88,70,'0',1,0,'2021-03-13 19:05:18',NULL),(89,89,70,'0',1,0,'2021-03-13 19:05:33',NULL),(90,90,70,'0',1,0,'2021-03-13 19:05:41',NULL),(91,91,70,'0',1,0,'2021-03-13 19:05:49',NULL),(92,92,70,'0',1,0,'2021-03-13 19:06:01',NULL),(93,93,70,'0',1,0,'2021-03-13 19:06:08',NULL),(94,1,72,'0',1,0,'2021-03-14 00:22:20',NULL),(95,2,72,'1',1,0,'2021-03-14 00:22:20','2021-03-14 21:50:45'),(96,3,72,'2',1,0,'2021-03-14 00:22:20','2021-03-14 21:50:53'),(97,4,72,'2',1,0,'2021-03-14 00:22:20','2021-03-14 21:51:12'),(98,5,72,'2',1,0,'2021-03-14 00:22:20','2021-03-14 21:51:23'),(99,6,72,'2',1,0,'2021-03-14 00:22:20','2021-03-14 21:52:54'),(100,7,72,'4',1,0,'2021-03-14 00:22:20','2021-03-14 21:53:09'),(101,8,72,'2',1,0,'2021-03-14 00:22:20','2021-03-14 21:57:13'),(102,9,72,'1',1,0,'2021-03-14 00:22:20','2021-03-14 21:55:57'),(103,10,72,'2',1,0,'2021-03-14 00:22:20','2021-03-14 21:56:48'),(104,11,72,'1',1,0,'2021-03-14 00:22:20','2021-03-14 21:56:59'),(105,12,72,'4',1,0,'2021-03-14 00:22:20','2021-03-14 21:57:25'),(106,13,72,'0',1,0,'2021-03-14 00:22:20',NULL),(107,14,72,'0',1,0,'2021-03-14 00:22:20',NULL),(108,15,72,'0',1,0,'2021-03-14 00:22:20',NULL),(109,16,72,'0',1,0,'2021-03-14 00:22:20',NULL),(110,17,72,'0',1,0,'2021-03-14 00:22:20',NULL),(111,18,72,'0',1,0,'2021-03-14 00:22:20',NULL),(112,19,72,'0',1,0,'2021-03-14 00:22:20',NULL),(113,20,72,'0',1,0,'2021-03-14 00:22:20',NULL),(114,21,72,'0',1,0,'2021-03-14 00:22:20',NULL),(115,22,72,'0',1,0,'2021-03-14 00:22:20',NULL),(116,23,72,'0',1,0,'2021-03-14 00:22:20',NULL),(117,24,72,'0',1,0,'2021-03-14 00:22:20',NULL),(118,25,72,'0',1,0,'2021-03-14 00:22:20',NULL),(119,26,72,'0',1,0,'2021-03-14 00:22:20',NULL),(120,27,72,'0',1,0,'2021-03-14 00:22:20',NULL),(121,28,72,'0',1,0,'2021-03-14 00:22:20',NULL),(122,29,72,'0',1,0,'2021-03-14 00:22:20',NULL),(123,30,72,'0',1,0,'2021-03-14 00:22:20',NULL),(124,31,72,'0',1,0,'2021-03-14 00:22:20',NULL),(125,32,72,'0',1,0,'2021-03-14 00:22:20',NULL),(126,33,72,'0',1,0,'2021-03-14 00:22:20',NULL),(127,34,72,'0',1,0,'2021-03-14 00:22:20',NULL),(128,35,72,'0',1,0,'2021-03-14 00:22:20',NULL),(129,36,72,'0',1,0,'2021-03-14 00:22:20',NULL),(130,37,72,'0',1,0,'2021-03-14 00:22:20',NULL),(131,38,72,'0',1,0,'2021-03-14 00:22:20',NULL),(132,39,72,'0',1,0,'2021-03-14 00:22:20',NULL),(133,40,72,'0',1,0,'2021-03-14 00:22:20',NULL),(134,41,72,'0',1,0,'2021-03-14 00:22:20',NULL),(135,42,72,'0',1,0,'2021-03-14 00:22:20',NULL),(136,43,72,'0',1,0,'2021-03-14 00:22:20',NULL),(137,44,72,'0',1,0,'2021-03-14 00:22:20',NULL),(138,45,72,'0',1,0,'2021-03-14 00:22:20',NULL),(139,46,72,'0',1,0,'2021-03-14 00:22:20',NULL),(140,47,72,'0',1,0,'2021-03-14 00:22:20',NULL),(141,48,72,'0',1,0,'2021-03-14 00:22:20',NULL),(142,49,72,'0',1,0,'2021-03-14 00:22:20',NULL),(143,50,72,'0',1,0,'2021-03-14 00:22:20',NULL),(144,51,72,'0',1,0,'2021-03-14 00:22:20',NULL),(145,52,72,'0',1,0,'2021-03-14 00:22:20',NULL),(146,53,72,'0',1,0,'2021-03-14 00:22:20',NULL),(147,54,72,'0',1,0,'2021-03-14 00:22:20',NULL),(148,55,72,'0',1,0,'2021-03-14 00:22:20',NULL),(149,56,72,'0',1,0,'2021-03-14 00:22:20',NULL),(150,57,72,'0',1,0,'2021-03-14 00:22:20',NULL),(151,58,72,'0',1,0,'2021-03-14 00:22:20',NULL),(152,59,72,'0',1,0,'2021-03-14 00:22:20',NULL),(153,60,72,'0',1,0,'2021-03-14 00:22:20',NULL),(154,61,72,'0',1,0,'2021-03-14 00:22:20',NULL),(155,62,72,'0',1,0,'2021-03-14 00:22:20',NULL),(156,63,72,'0',1,0,'2021-03-14 00:22:20',NULL),(157,64,72,'0',1,0,'2021-03-14 00:22:20',NULL),(158,65,72,'0',1,0,'2021-03-14 00:22:20',NULL),(159,66,72,'0',1,0,'2021-03-14 00:22:20',NULL),(160,67,72,'0',1,0,'2021-03-14 00:22:20',NULL),(161,68,72,'0',1,0,'2021-03-14 00:22:20',NULL),(162,69,72,'0',1,0,'2021-03-14 00:22:20',NULL),(163,70,72,'0',1,0,'2021-03-14 00:22:20',NULL),(164,71,72,'0',1,0,'2021-03-14 00:22:20',NULL),(165,72,72,'0',1,0,'2021-03-14 00:22:20',NULL),(166,73,72,'0',1,0,'2021-03-14 00:22:20',NULL),(167,74,72,'0',1,0,'2021-03-14 00:22:20',NULL),(168,75,72,'0',1,0,'2021-03-14 00:22:20',NULL),(169,76,72,'0',1,0,'2021-03-14 00:22:20',NULL),(170,77,72,'0',1,0,'2021-03-14 00:22:20',NULL),(171,78,72,'0',1,0,'2021-03-14 00:22:20',NULL),(172,79,72,'0',1,0,'2021-03-14 00:22:20',NULL),(173,80,72,'0',1,0,'2021-03-14 00:22:20',NULL),(174,81,72,'0',1,0,'2021-03-14 00:22:20',NULL),(175,82,72,'0',1,0,'2021-03-14 00:22:20',NULL),(176,83,72,'0',1,0,'2021-03-14 00:22:20',NULL),(177,84,72,'0',1,0,'2021-03-14 00:22:20',NULL),(178,85,72,'0',1,0,'2021-03-14 00:22:20',NULL),(179,86,72,'0',1,0,'2021-03-14 00:22:20',NULL),(180,87,72,'0',1,0,'2021-03-14 00:22:20',NULL),(181,88,72,'0',1,0,'2021-03-14 00:22:20',NULL),(182,89,72,'0',1,0,'2021-03-14 00:22:20',NULL),(183,90,72,'0',1,0,'2021-03-14 00:22:20',NULL),(184,91,72,'0',1,0,'2021-03-14 00:22:20',NULL),(185,92,72,'0',1,0,'2021-03-14 00:22:20',NULL),(186,93,72,'0',1,0,'2021-03-14 00:22:20',NULL),(187,1,73,'0',1,0,'2021-03-14 00:41:44',NULL),(188,2,73,'0',1,0,'2021-03-14 00:41:44',NULL),(189,3,73,'0',1,0,'2021-03-14 00:41:44',NULL),(190,4,73,'1',1,0,'2021-03-14 00:41:44','2021-03-14 22:04:20'),(191,5,73,'2',1,0,'2021-03-14 00:41:44','2021-03-14 22:04:26'),(192,6,73,'3',1,0,'2021-03-14 00:41:44','2021-03-14 22:04:45'),(193,7,73,'2',1,0,'2021-03-14 00:41:44','2021-03-14 22:04:38'),(194,8,73,'3',1,0,'2021-03-14 00:41:44','2021-03-14 22:04:51'),(195,9,73,'1',1,0,'2021-03-14 00:41:44','2021-03-14 22:04:57'),(196,10,73,'1',1,0,'2021-03-14 00:41:44','2021-03-15 00:23:49'),(197,11,73,'2',1,0,'2021-03-14 00:41:44','2021-03-14 22:05:21'),(198,12,73,'5',1,0,'2021-03-14 00:41:44','2021-03-14 22:05:28'),(199,13,73,'0',1,0,'2021-03-14 00:41:44',NULL),(200,14,73,'0',1,0,'2021-03-14 00:41:44',NULL),(201,15,73,'0',1,0,'2021-03-14 00:41:44',NULL),(202,16,73,'0',1,0,'2021-03-14 00:41:44',NULL),(203,17,73,'0',1,0,'2021-03-14 00:41:44',NULL),(204,18,73,'0',1,0,'2021-03-14 00:41:44',NULL),(205,19,73,'0',1,0,'2021-03-14 00:41:44',NULL),(206,20,73,'0',1,0,'2021-03-14 00:41:44',NULL),(207,21,73,'0',1,0,'2021-03-14 00:41:44',NULL),(208,22,73,'0',1,0,'2021-03-14 00:41:44',NULL),(209,23,73,'0',1,0,'2021-03-14 00:41:44',NULL),(210,24,73,'0',1,0,'2021-03-14 00:41:44',NULL),(211,25,73,'0',1,0,'2021-03-14 00:41:44',NULL),(212,26,73,'0',1,0,'2021-03-14 00:41:44',NULL),(213,27,73,'0',1,0,'2021-03-14 00:41:44',NULL),(214,28,73,'0',1,0,'2021-03-14 00:41:44',NULL),(215,29,73,'0',1,0,'2021-03-14 00:41:44',NULL),(216,30,73,'0',1,0,'2021-03-14 00:41:44',NULL),(217,31,73,'0',1,0,'2021-03-14 00:41:44',NULL),(218,32,73,'0',1,0,'2021-03-14 00:41:44',NULL),(219,33,73,'0',1,0,'2021-03-14 00:41:44',NULL),(220,34,73,'0',1,0,'2021-03-14 00:41:44',NULL),(221,35,73,'0',1,0,'2021-03-14 00:41:44',NULL),(222,36,73,'0',1,0,'2021-03-14 00:41:44',NULL),(223,37,73,'0',1,0,'2021-03-14 00:41:44',NULL),(224,38,73,'0',1,0,'2021-03-14 00:41:44',NULL),(225,39,73,'0',1,0,'2021-03-14 00:41:44',NULL),(226,40,73,'0',1,0,'2021-03-14 00:41:44',NULL),(227,41,73,'0',1,0,'2021-03-14 00:41:44',NULL),(228,42,73,'0',1,0,'2021-03-14 00:41:44',NULL),(229,43,73,'0',1,0,'2021-03-14 00:41:44',NULL),(230,44,73,'0',1,0,'2021-03-14 00:41:44',NULL),(231,45,73,'0',1,0,'2021-03-14 00:41:44',NULL),(232,46,73,'0',1,0,'2021-03-14 00:41:44',NULL),(233,47,73,'0',1,0,'2021-03-14 00:41:44',NULL),(234,48,73,'0',1,0,'2021-03-14 00:41:44',NULL),(235,49,73,'0',1,0,'2021-03-14 00:41:44',NULL),(236,50,73,'0',1,0,'2021-03-14 00:41:44',NULL),(237,51,73,'0',1,0,'2021-03-14 00:41:44',NULL),(238,52,73,'0',1,0,'2021-03-14 00:41:44',NULL),(239,53,73,'0',1,0,'2021-03-14 00:41:44',NULL),(240,54,73,'0',1,0,'2021-03-14 00:41:44',NULL),(241,55,73,'0',1,0,'2021-03-14 00:41:44',NULL),(242,56,73,'0',1,0,'2021-03-14 00:41:44',NULL),(243,57,73,'0',1,0,'2021-03-14 00:41:44',NULL),(244,58,73,'0',1,0,'2021-03-14 00:41:44',NULL),(245,59,73,'0',1,0,'2021-03-14 00:41:44',NULL),(246,60,73,'0',1,0,'2021-03-14 00:41:44',NULL),(247,61,73,'0',1,0,'2021-03-14 00:41:44',NULL),(248,62,73,'0',1,0,'2021-03-14 00:41:44',NULL),(249,63,73,'0',1,0,'2021-03-14 00:41:44',NULL),(250,64,73,'0',1,0,'2021-03-14 00:41:44',NULL),(251,65,73,'0',1,0,'2021-03-14 00:41:44',NULL),(252,66,73,'0',1,0,'2021-03-14 00:41:44',NULL),(253,67,73,'0',1,0,'2021-03-14 00:41:44',NULL),(254,68,73,'0',1,0,'2021-03-14 00:41:44',NULL),(255,69,73,'0',1,0,'2021-03-14 00:41:44',NULL),(256,70,73,'0',1,0,'2021-03-14 00:41:44',NULL),(257,71,73,'0',1,0,'2021-03-14 00:41:44',NULL),(258,72,73,'0',1,0,'2021-03-14 00:41:44',NULL),(259,73,73,'0',1,0,'2021-03-14 00:41:44',NULL),(260,74,73,'0',1,0,'2021-03-14 00:41:44',NULL),(261,75,73,'0',1,0,'2021-03-14 00:41:44',NULL),(262,76,73,'0',1,0,'2021-03-14 00:41:44',NULL),(263,77,73,'0',1,0,'2021-03-14 00:41:44',NULL),(264,78,73,'0',1,0,'2021-03-14 00:41:44',NULL),(265,79,73,'0',1,0,'2021-03-14 00:41:44',NULL),(266,80,73,'0',1,0,'2021-03-14 00:41:44',NULL),(267,81,73,'0',1,0,'2021-03-14 00:41:44',NULL),(268,82,73,'0',1,0,'2021-03-14 00:41:44',NULL),(269,83,73,'0',1,0,'2021-03-14 00:41:44',NULL),(270,84,73,'0',1,0,'2021-03-14 00:41:44',NULL),(271,85,73,'0',1,0,'2021-03-14 00:41:44',NULL),(272,86,73,'0',1,0,'2021-03-14 00:41:44',NULL),(273,87,73,'0',1,0,'2021-03-14 00:41:44',NULL),(274,88,73,'0',1,0,'2021-03-14 00:41:44',NULL),(275,89,73,'0',1,0,'2021-03-14 00:41:44',NULL),(276,90,73,'0',1,0,'2021-03-14 00:41:44',NULL),(277,91,73,'0',1,0,'2021-03-14 00:41:44',NULL),(278,92,73,'0',1,0,'2021-03-14 00:41:44',NULL),(279,93,73,'0',1,0,'2021-03-14 00:41:44',NULL),(280,1,74,'0',1,0,'2021-03-14 00:42:05',NULL),(281,2,74,'0',1,0,'2021-03-14 00:42:05',NULL),(282,3,74,'0',1,0,'2021-03-14 00:42:05',NULL),(283,4,74,'2',1,0,'2021-03-14 00:42:05','2021-03-14 22:08:46'),(284,5,74,'3',1,0,'2021-03-14 00:42:05','2021-03-14 22:08:45'),(285,6,74,'4',1,0,'2021-03-14 00:42:05','2021-03-14 22:08:43'),(286,7,74,'1',1,0,'2021-03-14 00:42:05','2021-03-14 22:08:41'),(287,8,74,'3',1,0,'2021-03-14 00:42:05','2021-03-14 22:08:39'),(288,9,74,'2',1,0,'2021-03-14 00:42:05','2021-03-14 22:08:38'),(289,10,74,'2',1,0,'2021-03-14 00:42:05','2021-03-14 22:08:37'),(290,11,74,'2',1,0,'2021-03-14 00:42:05','2021-03-14 22:08:35'),(291,12,74,'4',1,0,'2021-03-14 00:42:05','2021-03-14 22:08:33'),(292,13,74,'0',1,0,'2021-03-14 00:42:05',NULL),(293,14,74,'0',1,0,'2021-03-14 00:42:05',NULL),(294,15,74,'0',1,0,'2021-03-14 00:42:05',NULL),(295,16,74,'0',1,0,'2021-03-14 00:42:05',NULL),(296,17,74,'0',1,0,'2021-03-14 00:42:05',NULL),(297,18,74,'0',1,0,'2021-03-14 00:42:05',NULL),(298,19,74,'0',1,0,'2021-03-14 00:42:05',NULL),(299,20,74,'0',1,0,'2021-03-14 00:42:05',NULL),(300,21,74,'0',1,0,'2021-03-14 00:42:05',NULL),(301,22,74,'0',1,0,'2021-03-14 00:42:05',NULL),(302,23,74,'0',1,0,'2021-03-14 00:42:05',NULL),(303,24,74,'0',1,0,'2021-03-14 00:42:05',NULL),(304,25,74,'0',1,0,'2021-03-14 00:42:05',NULL),(305,26,74,'0',1,0,'2021-03-14 00:42:05',NULL),(306,27,74,'0',1,0,'2021-03-14 00:42:05',NULL),(307,28,74,'0',1,0,'2021-03-14 00:42:05',NULL),(308,29,74,'0',1,0,'2021-03-14 00:42:05',NULL),(309,30,74,'0',1,0,'2021-03-14 00:42:05',NULL),(310,31,74,'0',1,0,'2021-03-14 00:42:05',NULL),(311,32,74,'0',1,0,'2021-03-14 00:42:05',NULL),(312,33,74,'0',1,0,'2021-03-14 00:42:05',NULL),(313,34,74,'0',1,0,'2021-03-14 00:42:05',NULL),(314,35,74,'0',1,0,'2021-03-14 00:42:05',NULL),(315,36,74,'0',1,0,'2021-03-14 00:42:05',NULL),(316,37,74,'0',1,0,'2021-03-14 00:42:05',NULL),(317,38,74,'0',1,0,'2021-03-14 00:42:05',NULL),(318,39,74,'0',1,0,'2021-03-14 00:42:05',NULL),(319,40,74,'0',1,0,'2021-03-14 00:42:05',NULL),(320,41,74,'0',1,0,'2021-03-14 00:42:05',NULL),(321,42,74,'0',1,0,'2021-03-14 00:42:05',NULL),(322,43,74,'0',1,0,'2021-03-14 00:42:05',NULL),(323,44,74,'0',1,0,'2021-03-14 00:42:05',NULL),(324,45,74,'0',1,0,'2021-03-14 00:42:05',NULL),(325,46,74,'0',1,0,'2021-03-14 00:42:05',NULL),(326,47,74,'0',1,0,'2021-03-14 00:42:05',NULL),(327,48,74,'0',1,0,'2021-03-14 00:42:05',NULL),(328,49,74,'0',1,0,'2021-03-14 00:42:05',NULL),(329,50,74,'0',1,0,'2021-03-14 00:42:05',NULL),(330,51,74,'0',1,0,'2021-03-14 00:42:05',NULL),(331,52,74,'0',1,0,'2021-03-14 00:42:05',NULL),(332,53,74,'0',1,0,'2021-03-14 00:42:05',NULL),(333,54,74,'0',1,0,'2021-03-14 00:42:05',NULL),(334,55,74,'0',1,0,'2021-03-14 00:42:05',NULL),(335,56,74,'0',1,0,'2021-03-14 00:42:05',NULL),(336,57,74,'0',1,0,'2021-03-14 00:42:05',NULL),(337,58,74,'0',1,0,'2021-03-14 00:42:05',NULL),(338,59,74,'0',1,0,'2021-03-14 00:42:05',NULL),(339,60,74,'0',1,0,'2021-03-14 00:42:05',NULL),(340,61,74,'0',1,0,'2021-03-14 00:42:05',NULL),(341,62,74,'0',1,0,'2021-03-14 00:42:05',NULL),(342,63,74,'0',1,0,'2021-03-14 00:42:05',NULL),(343,64,74,'0',1,0,'2021-03-14 00:42:05',NULL),(344,65,74,'0',1,0,'2021-03-14 00:42:05',NULL),(345,66,74,'0',1,0,'2021-03-14 00:42:05',NULL),(346,67,74,'0',1,0,'2021-03-14 00:42:05',NULL),(347,68,74,'0',1,0,'2021-03-14 00:42:05',NULL),(348,69,74,'0',1,0,'2021-03-14 00:42:05',NULL),(349,70,74,'0',1,0,'2021-03-14 00:42:05',NULL),(350,71,74,'0',1,0,'2021-03-14 00:42:05',NULL),(351,72,74,'0',1,0,'2021-03-14 00:42:05',NULL),(352,73,74,'0',1,0,'2021-03-14 00:42:05',NULL),(353,74,74,'0',1,0,'2021-03-14 00:42:05',NULL),(354,75,74,'0',1,0,'2021-03-14 00:42:05',NULL),(355,76,74,'0',1,0,'2021-03-14 00:42:05',NULL),(356,77,74,'0',1,0,'2021-03-14 00:42:05',NULL),(357,78,74,'0',1,0,'2021-03-14 00:42:05',NULL),(358,79,74,'0',1,0,'2021-03-14 00:42:05',NULL),(359,80,74,'0',1,0,'2021-03-14 00:42:05',NULL),(360,81,74,'0',1,0,'2021-03-14 00:42:05',NULL),(361,82,74,'0',1,0,'2021-03-14 00:42:05',NULL),(362,83,74,'0',1,0,'2021-03-14 00:42:05',NULL),(363,84,74,'0',1,0,'2021-03-14 00:42:05',NULL),(364,85,74,'0',1,0,'2021-03-14 00:42:05',NULL),(365,86,74,'0',1,0,'2021-03-14 00:42:05',NULL),(366,87,74,'0',1,0,'2021-03-14 00:42:05',NULL),(367,88,74,'0',1,0,'2021-03-14 00:42:05',NULL),(368,89,74,'0',1,0,'2021-03-14 00:42:05',NULL),(369,90,74,'0',1,0,'2021-03-14 00:42:05',NULL),(370,91,74,'0',1,0,'2021-03-14 00:42:05',NULL),(371,92,74,'0',1,0,'2021-03-14 00:42:05',NULL),(372,93,74,'0',1,0,'2021-03-14 00:42:05',NULL),(373,1,75,'0',1,0,'2021-03-14 00:42:43',NULL),(374,2,75,'0',1,0,'2021-03-14 00:42:43',NULL),(375,3,75,'0',1,0,'2021-03-14 00:42:43',NULL),(376,4,75,'1',1,0,'2021-03-14 00:42:43','2021-03-14 22:10:41'),(377,5,75,'3',1,0,'2021-03-14 00:42:43','2021-03-14 22:10:39'),(378,6,75,'1',1,0,'2021-03-14 00:42:43','2021-03-14 22:10:38'),(379,7,75,'3',1,0,'2021-03-14 00:42:43','2021-03-14 22:10:37'),(380,8,75,'3',1,0,'2021-03-14 00:42:43','2021-03-14 22:10:36'),(381,9,75,'1',1,0,'2021-03-14 00:42:43','2021-03-14 22:10:34'),(382,10,75,'3',1,0,'2021-03-14 00:42:43','2021-03-14 22:10:33'),(383,11,75,'2',1,0,'2021-03-14 00:42:43','2021-03-14 22:10:32'),(384,12,75,'5',1,0,'2021-03-14 00:42:43','2021-03-14 22:10:31'),(385,13,75,'0',1,0,'2021-03-14 00:42:43',NULL),(386,14,75,'0',1,0,'2021-03-14 00:42:43',NULL),(387,15,75,'0',1,0,'2021-03-14 00:42:43',NULL),(388,16,75,'0',1,0,'2021-03-14 00:42:43',NULL),(389,17,75,'0',1,0,'2021-03-14 00:42:43',NULL),(390,18,75,'0',1,0,'2021-03-14 00:42:43',NULL),(391,19,75,'0',1,0,'2021-03-14 00:42:43',NULL),(392,20,75,'0',1,0,'2021-03-14 00:42:43',NULL),(393,21,75,'0',1,0,'2021-03-14 00:42:43',NULL),(394,22,75,'0',1,0,'2021-03-14 00:42:43',NULL),(395,23,75,'0',1,0,'2021-03-14 00:42:43',NULL),(396,24,75,'0',1,0,'2021-03-14 00:42:43',NULL),(397,25,75,'0',1,0,'2021-03-14 00:42:43',NULL),(398,26,75,'0',1,0,'2021-03-14 00:42:43',NULL),(399,27,75,'0',1,0,'2021-03-14 00:42:43',NULL),(400,28,75,'0',1,0,'2021-03-14 00:42:43',NULL),(401,29,75,'0',1,0,'2021-03-14 00:42:43',NULL),(402,30,75,'0',1,0,'2021-03-14 00:42:43',NULL),(403,31,75,'0',1,0,'2021-03-14 00:42:43',NULL),(404,32,75,'0',1,0,'2021-03-14 00:42:43',NULL),(405,33,75,'0',1,0,'2021-03-14 00:42:43',NULL),(406,34,75,'0',1,0,'2021-03-14 00:42:43',NULL),(407,35,75,'0',1,0,'2021-03-14 00:42:43',NULL),(408,36,75,'0',1,0,'2021-03-14 00:42:43',NULL),(409,37,75,'0',1,0,'2021-03-14 00:42:43',NULL),(410,38,75,'0',1,0,'2021-03-14 00:42:43',NULL),(411,39,75,'0',1,0,'2021-03-14 00:42:43',NULL),(412,40,75,'0',1,0,'2021-03-14 00:42:43',NULL),(413,41,75,'0',1,0,'2021-03-14 00:42:43',NULL),(414,42,75,'0',1,0,'2021-03-14 00:42:43',NULL),(415,43,75,'0',1,0,'2021-03-14 00:42:43',NULL),(416,44,75,'0',1,0,'2021-03-14 00:42:43',NULL),(417,45,75,'0',1,0,'2021-03-14 00:42:43',NULL),(418,46,75,'0',1,0,'2021-03-14 00:42:43',NULL),(419,47,75,'0',1,0,'2021-03-14 00:42:43',NULL),(420,48,75,'0',1,0,'2021-03-14 00:42:43',NULL),(421,49,75,'0',1,0,'2021-03-14 00:42:43',NULL),(422,50,75,'0',1,0,'2021-03-14 00:42:43',NULL),(423,51,75,'0',1,0,'2021-03-14 00:42:43',NULL),(424,52,75,'0',1,0,'2021-03-14 00:42:43',NULL),(425,53,75,'0',1,0,'2021-03-14 00:42:43',NULL),(426,54,75,'0',1,0,'2021-03-14 00:42:43',NULL),(427,55,75,'0',1,0,'2021-03-14 00:42:43',NULL),(428,56,75,'0',1,0,'2021-03-14 00:42:43',NULL),(429,57,75,'0',1,0,'2021-03-14 00:42:43',NULL),(430,58,75,'0',1,0,'2021-03-14 00:42:43',NULL),(431,59,75,'0',1,0,'2021-03-14 00:42:43',NULL),(432,60,75,'0',1,0,'2021-03-14 00:42:43',NULL),(433,61,75,'0',1,0,'2021-03-14 00:42:43',NULL),(434,62,75,'0',1,0,'2021-03-14 00:42:43',NULL),(435,63,75,'0',1,0,'2021-03-14 00:42:43',NULL),(436,64,75,'0',1,0,'2021-03-14 00:42:43',NULL),(437,65,75,'0',1,0,'2021-03-14 00:42:43',NULL),(438,66,75,'0',1,0,'2021-03-14 00:42:43',NULL),(439,67,75,'0',1,0,'2021-03-14 00:42:43',NULL),(440,68,75,'0',1,0,'2021-03-14 00:42:43',NULL),(441,69,75,'0',1,0,'2021-03-14 00:42:43',NULL),(442,70,75,'0',1,0,'2021-03-14 00:42:43',NULL),(443,71,75,'0',1,0,'2021-03-14 00:42:43',NULL),(444,72,75,'0',1,0,'2021-03-14 00:42:43',NULL),(445,73,75,'0',1,0,'2021-03-14 00:42:43',NULL),(446,74,75,'0',1,0,'2021-03-14 00:42:43',NULL),(447,75,75,'0',1,0,'2021-03-14 00:42:43',NULL),(448,76,75,'0',1,0,'2021-03-14 00:42:43',NULL),(449,77,75,'0',1,0,'2021-03-14 00:42:43',NULL),(450,78,75,'0',1,0,'2021-03-14 00:42:43',NULL),(451,79,75,'0',1,0,'2021-03-14 00:42:43',NULL),(452,80,75,'0',1,0,'2021-03-14 00:42:43',NULL),(453,81,75,'0',1,0,'2021-03-14 00:42:43',NULL),(454,82,75,'0',1,0,'2021-03-14 00:42:43',NULL),(455,83,75,'0',1,0,'2021-03-14 00:42:43',NULL),(456,84,75,'0',1,0,'2021-03-14 00:42:43',NULL),(457,85,75,'0',1,0,'2021-03-14 00:42:43',NULL),(458,86,75,'0',1,0,'2021-03-14 00:42:43',NULL),(459,87,75,'0',1,0,'2021-03-14 00:42:43',NULL),(460,88,75,'0',1,0,'2021-03-14 00:42:43',NULL),(461,89,75,'0',1,0,'2021-03-14 00:42:43',NULL),(462,90,75,'0',1,0,'2021-03-14 00:42:43',NULL),(463,91,75,'0',1,0,'2021-03-14 00:42:43',NULL),(464,92,75,'0',1,0,'2021-03-14 00:42:43',NULL),(465,93,75,'0',1,0,'2021-03-14 00:42:43',NULL),(466,1,76,'0',1,0,'2021-03-14 00:43:19',NULL),(467,2,76,'0',1,0,'2021-03-14 00:43:19',NULL),(468,3,76,'0',1,0,'2021-03-14 00:43:19',NULL),(469,4,76,'1',1,0,'2021-03-14 00:43:19','2021-03-14 22:12:53'),(470,5,76,'2',1,0,'2021-03-14 00:43:19','2021-03-14 22:12:52'),(471,6,76,'3',1,0,'2021-03-14 00:43:19','2021-03-14 22:12:50'),(472,7,76,'2',1,0,'2021-03-14 00:43:19','2021-03-14 22:12:49'),(473,8,76,'2',1,0,'2021-03-14 00:43:19','2021-03-14 22:12:48'),(474,9,76,'2',1,0,'2021-03-14 00:43:19','2021-03-14 22:12:47'),(475,10,76,'3',1,0,'2021-03-14 00:43:19','2021-03-14 22:12:46'),(476,11,76,'1',1,0,'2021-03-14 00:43:19','2021-03-14 22:12:45'),(477,12,76,'8',1,0,'2021-03-14 00:43:19','2021-03-14 22:12:45'),(478,13,76,'0',1,0,'2021-03-14 00:43:19',NULL),(479,14,76,'0',1,0,'2021-03-14 00:43:19',NULL),(480,15,76,'0',1,0,'2021-03-14 00:43:19',NULL),(481,16,76,'0',1,0,'2021-03-14 00:43:19',NULL),(482,17,76,'0',1,0,'2021-03-14 00:43:19',NULL),(483,18,76,'0',1,0,'2021-03-14 00:43:19',NULL),(484,19,76,'0',1,0,'2021-03-14 00:43:19',NULL),(485,20,76,'0',1,0,'2021-03-14 00:43:19',NULL),(486,21,76,'0',1,0,'2021-03-14 00:43:19',NULL),(487,22,76,'0',1,0,'2021-03-14 00:43:19',NULL),(488,23,76,'0',1,0,'2021-03-14 00:43:19',NULL),(489,24,76,'0',1,0,'2021-03-14 00:43:19',NULL),(490,25,76,'0',1,0,'2021-03-14 00:43:19',NULL),(491,26,76,'0',1,0,'2021-03-14 00:43:19',NULL),(492,27,76,'0',1,0,'2021-03-14 00:43:19',NULL),(493,28,76,'0',1,0,'2021-03-14 00:43:19',NULL),(494,29,76,'0',1,0,'2021-03-14 00:43:19',NULL),(495,30,76,'0',1,0,'2021-03-14 00:43:19',NULL),(496,31,76,'0',1,0,'2021-03-14 00:43:19',NULL),(497,32,76,'0',1,0,'2021-03-14 00:43:19',NULL),(498,33,76,'0',1,0,'2021-03-14 00:43:19',NULL),(499,34,76,'0',1,0,'2021-03-14 00:43:19',NULL),(500,35,76,'0',1,0,'2021-03-14 00:43:19',NULL),(501,36,76,'0',1,0,'2021-03-14 00:43:19',NULL),(502,37,76,'0',1,0,'2021-03-14 00:43:19',NULL),(503,38,76,'0',1,0,'2021-03-14 00:43:19',NULL),(504,39,76,'0',1,0,'2021-03-14 00:43:19',NULL),(505,40,76,'0',1,0,'2021-03-14 00:43:19',NULL),(506,41,76,'0',1,0,'2021-03-14 00:43:19',NULL),(507,42,76,'0',1,0,'2021-03-14 00:43:19',NULL),(508,43,76,'0',1,0,'2021-03-14 00:43:19',NULL),(509,44,76,'0',1,0,'2021-03-14 00:43:19',NULL),(510,45,76,'0',1,0,'2021-03-14 00:43:19',NULL),(511,46,76,'0',1,0,'2021-03-14 00:43:19',NULL),(512,47,76,'0',1,0,'2021-03-14 00:43:19',NULL),(513,48,76,'0',1,0,'2021-03-14 00:43:19',NULL),(514,49,76,'0',1,0,'2021-03-14 00:43:19',NULL),(515,50,76,'0',1,0,'2021-03-14 00:43:19',NULL),(516,51,76,'0',1,0,'2021-03-14 00:43:19',NULL),(517,52,76,'0',1,0,'2021-03-14 00:43:19',NULL),(518,53,76,'0',1,0,'2021-03-14 00:43:19',NULL),(519,54,76,'0',1,0,'2021-03-14 00:43:19',NULL),(520,55,76,'0',1,0,'2021-03-14 00:43:19',NULL),(521,56,76,'0',1,0,'2021-03-14 00:43:19',NULL),(522,57,76,'0',1,0,'2021-03-14 00:43:19',NULL),(523,58,76,'0',1,0,'2021-03-14 00:43:19',NULL),(524,59,76,'0',1,0,'2021-03-14 00:43:19',NULL),(525,60,76,'0',1,0,'2021-03-14 00:43:19',NULL),(526,61,76,'0',1,0,'2021-03-14 00:43:19',NULL),(527,62,76,'0',1,0,'2021-03-14 00:43:19',NULL),(528,63,76,'0',1,0,'2021-03-14 00:43:19',NULL),(529,64,76,'0',1,0,'2021-03-14 00:43:19',NULL),(530,65,76,'0',1,0,'2021-03-14 00:43:19',NULL),(531,66,76,'0',1,0,'2021-03-14 00:43:19',NULL),(532,67,76,'0',1,0,'2021-03-14 00:43:19',NULL),(533,68,76,'0',1,0,'2021-03-14 00:43:19',NULL),(534,69,76,'0',1,0,'2021-03-14 00:43:19',NULL),(535,70,76,'0',1,0,'2021-03-14 00:43:19',NULL),(536,71,76,'0',1,0,'2021-03-14 00:43:19',NULL),(537,72,76,'0',1,0,'2021-03-14 00:43:19',NULL),(538,73,76,'0',1,0,'2021-03-14 00:43:19',NULL),(539,74,76,'0',1,0,'2021-03-14 00:43:19',NULL),(540,75,76,'0',1,0,'2021-03-14 00:43:19',NULL),(541,76,76,'0',1,0,'2021-03-14 00:43:19',NULL),(542,77,76,'0',1,0,'2021-03-14 00:43:19',NULL),(543,78,76,'0',1,0,'2021-03-14 00:43:19',NULL),(544,79,76,'0',1,0,'2021-03-14 00:43:19',NULL),(545,80,76,'0',1,0,'2021-03-14 00:43:19',NULL),(546,81,76,'0',1,0,'2021-03-14 00:43:19',NULL),(547,82,76,'0',1,0,'2021-03-14 00:43:19',NULL),(548,83,76,'0',1,0,'2021-03-14 00:43:19',NULL),(549,84,76,'0',1,0,'2021-03-14 00:43:19',NULL),(550,85,76,'0',1,0,'2021-03-14 00:43:19',NULL),(551,86,76,'0',1,0,'2021-03-14 00:43:19',NULL),(552,87,76,'0',1,0,'2021-03-14 00:43:19',NULL),(553,88,76,'0',1,0,'2021-03-14 00:43:19',NULL),(554,89,76,'0',1,0,'2021-03-14 00:43:19',NULL),(555,90,76,'0',1,0,'2021-03-14 00:43:19',NULL),(556,91,76,'0',1,0,'2021-03-14 00:43:19',NULL),(557,92,76,'0',1,0,'2021-03-14 00:43:19',NULL),(558,93,76,'0',1,0,'2021-03-14 00:43:19',NULL);

/*Table structure for table `inventory_history` */

DROP TABLE IF EXISTS `inventory_history`;

CREATE TABLE `inventory_history` (
  `id` bigint(10) NOT NULL AUTO_INCREMENT,
  `productId` bigint(10) DEFAULT NULL,
  `storeId` bigint(10) DEFAULT NULL,
  `customerId` bigint(10) DEFAULT NULL,
  `prevQty` decimal(10,0) DEFAULT NULL,
  `adjQty` decimal(10,0) DEFAULT NULL,
  `newQty` decimal(10,0) DEFAULT NULL,
  `type` tinyint(1) DEFAULT '0',
  `status` tinyint(1) DEFAULT '1',
  `delete` tinyint(1) DEFAULT '0',
  `created` datetime DEFAULT NULL,
  PRIMARY KEY (`id`)
) ENGINE=MyISAM AUTO_INCREMENT=1176 DEFAULT CHARSET=utf8mb4 COLLATE=utf8mb4_unicode_ci;

/*Data for the table `inventory_history` */

insert  into `inventory_history`(`id`,`productId`,`storeId`,`customerId`,`prevQty`,`adjQty`,`newQty`,`type`,`status`,`delete`,`created`) values (1,2,72,8,'0','1','1',0,1,0,'2021-03-14 21:50:45'),(2,3,72,8,'0','2','2',0,1,0,'2021-03-14 21:50:53'),(3,4,72,8,'0','2','2',0,1,0,'2021-03-14 21:51:12'),(4,5,72,8,'0','2','2',0,1,0,'2021-03-14 21:51:23'),(5,6,72,8,'0','4','4',0,1,0,'2021-03-14 21:51:33'),(6,6,72,8,'4','2','2',0,1,0,'2021-03-14 21:52:54'),(7,7,72,8,'0','4','4',0,1,0,'2021-03-14 21:53:09'),(8,9,72,8,'0','1','1',0,1,0,'2021-03-14 21:55:57'),(9,10,72,8,'0','2','2',0,1,0,'2021-03-14 21:56:48'),(10,11,72,8,'0','1','1',0,1,0,'2021-03-14 21:56:59'),(11,8,72,8,'0','2','2',0,1,0,'2021-03-14 21:57:13'),(12,12,72,8,'0','4','4',0,1,0,'2021-03-14 21:57:25'),(13,4,73,9,'0','1','1',0,1,0,'2021-03-14 22:04:20'),(14,5,73,9,'0','2','2',0,1,0,'2021-03-14 22:04:26'),(15,7,73,9,'0','2','2',0,1,0,'2021-03-14 22:04:38'),(16,6,73,9,'0','3','3',0,1,0,'2021-03-14 22:04:45'),(17,8,73,9,'0','3','3',0,1,0,'2021-03-14 22:04:51'),(18,9,73,9,'0','1','1',0,1,0,'2021-03-14 22:04:57'),(19,10,73,9,'0','1','1',0,1,0,'2021-03-14 22:05:10'),(20,10,73,9,'1','1','2',0,1,0,'2021-03-14 22:05:10'),(21,11,73,9,'0','2','2',0,1,0,'2021-03-14 22:05:21'),(22,12,73,9,'0','5','5',0,1,0,'2021-03-14 22:05:28'),(23,12,74,10,'0','4','4',0,1,0,'2021-03-14 22:08:33'),(24,11,74,10,'0','2','2',0,1,0,'2021-03-14 22:08:35'),(25,10,74,10,'0','2','2',0,1,0,'2021-03-14 22:08:37'),(26,9,74,10,'0','2','2',0,1,0,'2021-03-14 22:08:38'),(27,8,74,10,'0','3','3',0,1,0,'2021-03-14 22:08:39'),(28,7,74,10,'0','1','1',0,1,0,'2021-03-14 22:08:41'),(29,6,74,10,'0','4','4',0,1,0,'2021-03-14 22:08:43'),(30,5,74,10,'0','3','3',0,1,0,'2021-03-14 22:08:45'),(31,4,74,10,'0','2','2',0,1,0,'2021-03-14 22:08:46'),(32,12,75,11,'0','5','5',0,1,0,'2021-03-14 22:10:31'),(33,11,75,11,'0','2','2',0,1,0,'2021-03-14 22:10:32'),(34,10,75,11,'0','3','3',0,1,0,'2021-03-14 22:10:33'),(35,9,75,11,'0','1','1',0,1,0,'2021-03-14 22:10:34'),(36,8,75,11,'0','3','3',0,1,0,'2021-03-14 22:10:36'),(37,7,75,11,'0','3','3',0,1,0,'2021-03-14 22:10:37'),(38,6,75,11,'0','1','1',0,1,0,'2021-03-14 22:10:38'),(39,5,75,11,'0','3','3',0,1,0,'2021-03-14 22:10:39'),(40,4,75,11,'0','1','1',0,1,0,'2021-03-14 22:10:41'),(41,12,76,12,'0','8','8',0,1,0,'2021-03-14 22:12:45'),(42,11,76,12,'0','1','1',0,1,0,'2021-03-14 22:12:45'),(43,10,76,12,'0','3','3',0,1,0,'2021-03-14 22:12:46'),(44,9,76,12,'0','2','2',0,1,0,'2021-03-14 22:12:47'),(45,8,76,12,'0','2','2',0,1,0,'2021-03-14 22:12:48'),(46,7,76,12,'0','2','2',0,1,0,'2021-03-14 22:12:49'),(47,6,76,12,'0','3','3',0,1,0,'2021-03-14 22:12:50'),(48,5,76,12,'0','2','2',0,1,0,'2021-03-14 22:12:52'),(49,4,76,12,'0','1','1',0,1,0,'2021-03-14 22:12:53'),(50,12,70,13,'0','13','13',0,1,0,'2021-03-14 22:36:32'),(51,11,70,13,'0','3','3',0,1,0,'2021-03-14 22:36:33'),(52,10,70,13,'0','4','4',0,1,0,'2021-03-14 22:36:34'),(53,9,70,13,'0','5','5',0,1,0,'2021-03-14 22:36:35'),(54,8,70,13,'0','4','4',0,1,0,'2021-03-14 22:36:36'),(55,7,70,13,'0','6','6',0,1,0,'2021-03-14 22:36:39'),(56,6,70,13,'0','9','9',0,1,0,'2021-03-14 22:36:41'),(57,5,70,13,'0','5','5',0,1,0,'2021-03-14 22:36:43'),(58,4,70,13,'0','6','6',0,1,0,'2021-03-14 22:36:46'),(59,10,73,9,'2','1','1',0,1,0,'2021-03-15 00:23:49'),(60,4,72,8,'2','2','4',0,1,0,'2021-03-15 22:17:49'),(61,5,72,8,'2','3','5',0,1,0,'2021-03-15 22:18:07'),(62,6,72,8,'2','2','4',0,1,0,'2021-03-15 22:18:28'),(63,7,72,8,'4','2','6',0,1,0,'2021-03-15 22:18:48'),(64,8,72,8,'2','2','4',0,1,0,'2021-03-15 22:19:11'),(65,9,72,8,'1','2','3',0,1,0,'2021-03-15 22:19:17'),(66,10,72,8,'2','2','4',0,1,0,'2021-03-15 22:19:32'),(67,11,72,8,'1','3','4',0,1,0,'2021-03-15 22:19:41'),(68,12,72,8,'4','6','10',0,1,0,'2021-03-15 22:19:47'),(69,4,73,9,'1','1','0',0,1,0,'2021-03-15 22:25:39'),(70,5,73,9,'2','2','0',0,1,0,'2021-03-15 22:25:46'),(71,6,73,9,'3','3','0',0,1,0,'2021-03-15 22:25:52'),(72,7,73,9,'2','2','0',0,1,0,'2021-03-15 22:25:54'),(73,8,73,9,'3','3','0',0,1,0,'2021-03-15 22:25:59'),(74,9,73,9,'1','1','0',0,1,0,'2021-03-15 22:26:07'),(75,10,73,9,'1','1','0',0,1,0,'2021-03-15 22:26:11'),(76,11,73,9,'2','2','0',0,1,0,'2021-03-15 22:26:15'),(77,12,73,9,'5','5','0',0,1,0,'2021-03-15 22:26:19'),(78,2,72,8,'1','1','0',0,1,0,'2021-03-15 22:27:48'),(79,3,72,8,'2','2','0',0,1,0,'2021-03-15 22:27:51'),(80,4,72,8,'4','4','0',0,1,0,'2021-03-15 22:27:55'),(81,5,72,8,'5','5','0',0,1,0,'2021-03-15 22:27:58'),(82,6,72,8,'4','4','0',0,1,0,'2021-03-15 22:28:02'),(83,7,72,8,'6','6','0',0,1,0,'2021-03-15 22:28:07'),(84,8,72,8,'4','4','0',0,1,0,'2021-03-15 22:28:10'),(85,9,72,8,'3','3','0',0,1,0,'2021-03-15 22:28:14'),(86,10,72,8,'4','4','0',0,1,0,'2021-03-15 22:28:19'),(87,11,72,8,'4','4','0',0,1,0,'2021-03-15 22:28:23'),(88,12,72,8,'10','10','0',0,1,0,'2021-03-15 22:28:29'),(89,4,72,8,'0','2','2',0,1,0,'2021-03-15 22:29:03'),(90,5,72,8,'0','3','3',0,1,0,'2021-03-15 22:29:13'),(91,6,72,8,'0','2','2',0,1,0,'2021-03-15 22:29:21'),(92,7,72,8,'0','2','2',0,1,0,'2021-03-15 22:29:30'),(93,8,72,8,'0','2','2',0,1,0,'2021-03-15 22:29:36'),(94,9,72,8,'0','2','2',0,1,0,'2021-03-15 22:29:41'),(95,10,72,8,'0','2','2',0,1,0,'2021-03-15 22:29:48'),(96,11,72,8,'0','3','3',0,1,0,'2021-03-15 22:29:56'),(97,12,72,8,'0','6','6',0,1,0,'2021-03-15 22:30:07'),(98,4,73,9,'0','1','1',0,1,0,'2021-03-15 22:31:51'),(99,5,73,9,'0','2','2',0,1,0,'2021-03-15 22:31:56'),(100,6,73,9,'0','3','3',0,1,0,'2021-03-15 22:32:06'),(101,7,73,9,'0','4','4',0,1,0,'2021-03-15 22:32:15'),(102,8,73,9,'0','2','2',0,1,0,'2021-03-15 22:32:20'),(103,9,73,9,'0','3','3',0,1,0,'2021-03-15 22:32:27'),(104,10,73,9,'0','1','1',0,1,0,'2021-03-15 22:32:33'),(105,11,73,9,'0','1','1',0,1,0,'2021-03-15 22:32:38'),(106,12,73,9,'0','3','3',0,1,0,'2021-03-15 22:32:43'),(107,4,74,10,'2','2','0',0,1,0,'2021-03-15 22:33:08'),(108,5,74,10,'3','3','0',0,1,0,'2021-03-15 22:33:12'),(109,6,74,10,'4','4','0',0,1,0,'2021-03-15 22:33:15'),(110,7,74,10,'1','1','0',0,1,0,'2021-03-15 22:33:18'),(111,8,74,10,'3','3','0',0,1,0,'2021-03-15 22:33:20'),(112,9,74,10,'2','2','0',0,1,0,'2021-03-15 22:33:23'),(113,10,74,10,'2','2','0',0,1,0,'2021-03-15 22:33:27'),(114,11,74,10,'2','2','0',0,1,0,'2021-03-15 22:33:30'),(115,12,74,10,'4','4','0',0,1,0,'2021-03-15 22:33:33'),(116,4,74,10,'0','2','2',0,1,0,'2021-03-15 22:34:11'),(117,5,74,10,'0','2','2',0,1,0,'2021-03-15 22:34:16'),(118,6,74,10,'0','2','2',0,1,0,'2021-03-15 22:34:22'),(119,7,74,10,'0','2','2',0,1,0,'2021-03-15 22:34:24'),(120,8,74,10,'0','3','3',0,1,0,'2021-03-15 22:34:29'),(121,9,74,10,'0','1','1',0,1,0,'2021-03-15 22:34:35'),(122,10,74,10,'0','2','2',0,1,0,'2021-03-15 22:34:43'),(123,11,74,10,'0','2','2',0,1,0,'2021-03-15 22:34:48'),(124,12,74,10,'0','5','5',0,1,0,'2021-03-15 22:34:53'),(125,4,75,11,'1','1','0',0,1,0,'2021-03-15 22:35:17'),(126,5,75,11,'3','3','0',0,1,0,'2021-03-15 22:35:19'),(127,6,75,11,'1','1','0',0,1,0,'2021-03-15 22:35:21'),(128,7,75,11,'3','3','0',0,1,0,'2021-03-15 22:35:24'),(129,8,75,11,'3','3','0',0,1,0,'2021-03-15 22:35:27'),(130,9,75,11,'1','1','0',0,1,0,'2021-03-15 22:35:30'),(131,10,75,11,'3','3','0',0,1,0,'2021-03-15 22:35:34'),(132,11,75,11,'2','2','0',0,1,0,'2021-03-15 22:35:37'),(133,12,75,11,'5','5','0',0,1,0,'2021-03-15 22:35:41'),(134,4,75,11,'0','1','1',0,1,0,'2021-03-15 22:36:02'),(135,5,75,11,'0','1','1',0,1,0,'2021-03-15 22:36:07'),(136,6,75,11,'0','2','2',0,1,0,'2021-03-15 22:36:12'),(137,7,75,11,'0','1','1',0,1,0,'2021-03-15 22:36:16'),(138,8,75,11,'0','2','2',0,1,0,'2021-03-15 22:36:22'),(139,10,75,11,'0','3','3',0,1,0,'2021-03-15 22:36:39'),(140,11,75,11,'0','2','2',0,1,0,'2021-03-15 22:37:08'),(141,12,75,11,'0','5','5',0,1,0,'2021-03-15 22:37:28'),(142,4,76,12,'1','1','0',0,1,0,'2021-03-15 22:38:51'),(143,5,76,12,'2','2','0',0,1,0,'2021-03-15 22:38:54'),(144,6,76,12,'3','3','0',0,1,0,'2021-03-15 22:38:56'),(145,7,76,12,'2','2','0',0,1,0,'2021-03-15 22:38:59'),(146,8,76,12,'2','2','0',0,1,0,'2021-03-15 22:39:01'),(147,9,76,12,'2','2','0',0,1,0,'2021-03-15 22:39:03'),(148,10,76,12,'3','3','0',0,1,0,'2021-03-15 22:39:06'),(149,11,76,12,'1','1','0',0,1,0,'2021-03-15 22:39:08'),(150,12,76,12,'8','8','0',0,1,0,'2021-03-15 22:39:12'),(151,4,76,12,'0','3','3',0,1,0,'2021-03-15 22:39:43'),(152,5,76,12,'0','3','3',0,1,0,'2021-03-15 22:39:49'),(153,6,76,12,'0','4','4',0,1,0,'2021-03-15 22:39:57'),(154,7,76,12,'0','3','3',0,1,0,'2021-03-15 22:40:06'),(155,8,76,12,'0','4','4',0,1,0,'2021-03-15 22:40:19'),(156,9,76,12,'0','1','1',0,1,0,'2021-03-15 22:40:32'),(157,10,76,12,'0','2','2',0,1,0,'2021-03-15 22:40:39'),(158,11,76,12,'0','2','2',0,1,0,'2021-03-15 22:40:44'),(159,12,76,12,'0','9','9',0,1,0,'2021-03-15 22:40:51'),(160,4,70,13,'6','6','0',0,1,0,'2021-03-15 22:44:15'),(161,5,70,13,'5','5','0',0,1,0,'2021-03-15 22:44:19'),(162,6,70,13,'9','9','0',0,1,0,'2021-03-15 22:44:23'),(163,7,70,13,'6','6','0',0,1,0,'2021-03-15 22:44:26'),(164,8,70,13,'4','4','0',0,1,0,'2021-03-15 22:44:29'),(165,9,70,13,'5','5','0',0,1,0,'2021-03-15 22:44:38'),(166,10,70,13,'4','4','0',0,1,0,'2021-03-15 22:44:42'),(167,11,70,13,'3','3','0',0,1,0,'2021-03-15 22:44:46'),(168,12,70,13,'13','13','0',0,1,0,'2021-03-15 22:44:53'),(169,4,70,13,'0','1','1',0,1,0,'2021-03-15 22:45:09'),(170,5,70,13,'0','11','11',0,1,0,'2021-03-15 22:45:20'),(171,7,70,13,'0','9','9',0,1,0,'2021-03-15 22:45:36'),(172,9,70,13,'0','3','3',0,1,0,'2021-03-15 22:45:53'),(173,10,70,13,'0','4','4',0,1,0,'2021-03-15 22:45:59'),(174,11,70,13,'0','5','5',0,1,0,'2021-03-15 22:46:06'),(175,12,70,13,'0','19','19',0,1,0,'2021-03-15 22:46:12'),(176,12,70,13,'19','19','38',0,1,0,'2021-03-15 22:46:14'),(177,12,70,13,'38','19','19',0,1,0,'2021-03-15 22:49:30'),(178,1,72,8,'0','1','1',0,1,0,'2021-03-17 15:01:09'),(179,2,72,8,'0','2','2',0,1,0,'2021-03-17 15:01:22'),(180,3,72,8,'0','3','3',0,1,0,'2021-03-17 15:01:29'),(181,1,72,8,'1','1','0',0,1,0,'2021-03-17 15:02:32'),(182,2,72,8,'2','2','0',0,1,0,'2021-03-17 15:02:48'),(183,2,72,8,'0','1','1',0,1,0,'2021-03-17 15:05:41'),(184,1,70,13,'0','5','5',0,1,0,'2021-03-17 15:30:29'),(185,2,70,13,'0','2','2',0,1,0,'2021-03-17 15:30:30'),(186,3,70,13,'0','5','5',0,1,0,'2021-03-17 15:30:31'),(187,1,70,13,'5','5','0',0,1,0,'2021-03-17 15:31:00'),(188,2,70,13,'2','2','0',0,1,0,'2021-03-17 15:31:02'),(189,3,70,13,'5','5','0',0,1,0,'2021-03-17 15:31:05'),(190,4,70,13,'1','1','0',0,1,0,'2021-03-17 15:31:08'),(191,5,70,13,'11','11','0',0,1,0,'2021-03-17 15:31:12'),(192,7,70,13,'9','9','0',0,1,0,'2021-03-17 15:31:16'),(193,9,70,13,'3','3','0',0,1,0,'2021-03-17 15:31:20'),(194,10,70,13,'4','4','0',0,1,0,'2021-03-17 15:31:22'),(195,11,70,13,'5','5','0',0,1,0,'2021-03-17 15:31:25'),(196,12,70,13,'19','19','0',0,1,0,'2021-03-17 15:31:29'),(197,4,70,13,'0','3','3',0,1,0,'2021-03-17 20:31:34'),(198,5,70,13,'0','9','9',0,1,0,'2021-03-17 20:31:47'),(199,6,70,13,'0','4','4',0,1,0,'2021-03-17 20:31:58'),(200,7,70,13,'0','2','2',0,1,0,'2021-03-17 20:32:06'),(201,8,70,13,'0','6','6',0,1,0,'2021-03-17 20:32:16'),(202,9,70,13,'0','5','5',0,1,0,'2021-03-17 20:33:00'),(203,10,70,13,'0','4','4',0,1,0,'2021-03-17 20:33:07'),(204,11,70,13,'0','4','4',0,1,0,'2021-03-17 20:33:13'),(205,12,70,13,'0','10','10',0,1,0,'2021-03-17 20:33:21'),(206,12,70,13,'10','34','44',0,1,0,'2021-03-18 09:47:48'),(207,5,70,13,'9','7','16',0,1,0,'2021-03-18 09:48:02'),(208,9,70,13,'5','5','10',0,1,0,'2021-03-18 09:48:41'),(209,1,70,13,'0','7','7',0,1,0,'2021-03-18 09:48:51'),(210,2,70,13,'0','7','7',0,1,0,'2021-03-18 09:48:56'),(211,3,70,13,'0','7','7',0,1,0,'2021-03-18 09:49:00'),(212,4,70,13,'3','2','1',0,1,0,'2021-03-18 09:57:53'),(213,5,70,13,'16','10','6',0,1,0,'2021-03-18 09:58:18'),(214,6,70,13,'4','2','2',0,1,0,'2021-03-18 09:58:26'),(215,7,70,13,'2','4','6',0,1,0,'2021-03-18 09:58:37'),(216,9,70,13,'10','8','2',0,1,0,'2021-03-18 09:59:13'),(217,11,70,13,'4','2','2',0,1,0,'2021-03-18 09:59:21'),(218,8,70,13,'6','5','1',0,1,0,'2021-03-18 09:59:59'),(219,10,70,13,'4','2','2',0,1,0,'2021-03-18 10:00:04'),(220,12,70,13,'44','39','5',0,1,0,'2021-03-18 10:00:25'),(221,1,70,13,'7','2','5',0,1,0,'2021-03-18 10:34:10'),(222,2,70,13,'7','1','6',0,1,0,'2021-03-18 10:34:14'),(223,3,70,13,'7','1','6',0,1,0,'2021-03-18 10:34:17'),(224,5,70,13,'6','2','4',0,1,0,'2021-03-18 10:34:30'),(225,5,70,13,'4','2','2',0,1,0,'2021-03-18 10:34:31'),(226,1,70,13,'5','1','4',0,1,0,'2021-03-18 10:35:08'),(227,2,70,13,'6','2','4',0,1,0,'2021-03-18 10:35:12'),(228,3,70,13,'6','1','5',0,1,0,'2021-03-18 10:35:15'),(229,4,70,13,'1','1','0',0,1,0,'2021-03-18 10:35:21'),(230,6,70,13,'2','1','1',0,1,0,'2021-03-18 10:35:27'),(231,9,70,13,'2','1','1',0,1,0,'2021-03-18 10:35:32'),(232,1,70,13,'4','2','2',0,1,0,'2021-03-18 10:35:53'),(233,2,70,13,'4','2','2',0,1,0,'2021-03-18 10:36:19'),(234,3,70,13,'5','2','3',0,1,0,'2021-03-18 10:36:24'),(235,5,70,13,'2','2','0',0,1,0,'2021-03-18 10:36:33'),(236,9,70,13,'1','1','0',0,1,0,'2021-03-18 10:36:37'),(237,1,70,13,'2','1','1',0,1,0,'2021-03-18 10:36:43'),(238,2,70,13,'2','3','-1',0,1,0,'2021-03-18 10:36:49'),(239,3,70,13,'3','3','0',0,1,0,'2021-03-18 10:36:52'),(240,2,70,13,'-1','2','1',0,1,0,'2021-03-18 10:50:56'),(241,3,70,13,'0','2','2',0,1,0,'2021-03-18 10:56:47'),(242,1,70,13,'1','1','0',0,1,0,'2021-03-18 11:43:55'),(243,2,70,13,'1','1','0',0,1,0,'2021-03-18 11:44:01'),(244,3,70,13,'2','1','1',0,1,0,'2021-03-18 11:44:07'),(245,3,70,7,'1','1','0',0,1,0,'2021-03-18 13:08:45'),(246,3,70,7,'0','1','1',0,1,0,'2021-03-18 13:09:21'),(247,3,70,7,'1','1','0',0,1,0,'2021-03-18 13:16:45'),(248,3,70,7,'0','1','-1',0,1,0,'2021-03-18 13:16:46'),(249,3,70,7,'-1','2','1',0,1,0,'2021-03-18 13:17:15'),(250,3,70,7,'1','1','2',0,1,0,'2021-03-18 13:19:12'),(251,3,70,7,'2','1','1',0,1,0,'2021-03-18 13:19:25'),(252,3,70,7,'1','1','0',0,1,0,'2021-03-18 13:20:34'),(253,3,70,7,'0','1','1',0,1,0,'2021-03-18 13:20:45'),(254,3,70,7,'1','1','0',0,1,0,'2021-03-18 13:21:43'),(255,3,70,7,'0','1','-1',0,1,0,'2021-03-18 13:21:43'),(256,3,70,7,'-1','2','1',0,1,0,'2021-03-18 13:21:55'),(257,5,70,13,'0','7','7',0,1,0,'2021-03-18 15:03:05'),(258,11,70,13,'2','4','6',0,1,0,'2021-03-18 15:03:17'),(259,8,70,13,'1','3','4',0,1,0,'2021-03-18 15:03:23'),(260,4,70,13,'0','5','5',0,1,0,'2021-03-18 15:03:30'),(261,9,70,13,'0','5','5',0,1,0,'2021-03-18 15:03:39'),(262,6,70,13,'1','8','9',0,1,0,'2021-03-18 15:03:56'),(263,3,70,13,'1','1','0',0,1,0,'2021-03-18 16:42:33'),(264,12,70,13,'5','3','2',0,1,0,'2021-03-18 16:42:45'),(265,7,70,13,'6','2','4',0,1,0,'2021-03-18 16:43:25'),(266,8,70,13,'4','1','3',0,1,0,'2021-03-18 16:43:33'),(267,9,70,13,'5','13','18',0,1,0,'2021-03-19 19:44:45'),(268,8,70,13,'3','10','13',0,1,0,'2021-03-19 19:45:10'),(269,11,70,13,'6','7','13',0,1,0,'2021-03-19 19:45:24'),(270,12,70,13,'2','53','55',0,1,0,'2021-03-19 19:46:21'),(271,1,70,13,'0','7','7',0,1,0,'2021-03-19 19:46:32'),(272,2,70,13,'0','7','7',0,1,0,'2021-03-19 19:46:37'),(273,3,70,13,'0','11','11',0,1,0,'2021-03-19 19:46:47'),(274,10,70,13,'2','10','12',0,1,0,'2021-03-19 19:46:59'),(275,6,70,13,'9','6','15',0,1,0,'2021-03-19 19:47:13'),(276,4,70,13,'5','5','10',0,1,0,'2021-03-19 19:47:22'),(277,5,70,13,'7','19','26',0,1,0,'2021-03-19 19:47:43'),(278,5,70,13,'26','19','45',0,1,0,'2021-03-19 19:47:43'),(279,5,70,13,'45','19','26',0,1,0,'2021-03-19 19:48:09'),(280,5,70,13,'26','7','19',0,1,0,'2021-03-19 19:52:03'),(281,6,70,13,'15','9','6',0,1,0,'2021-03-19 19:52:19'),(282,7,70,13,'4','2','2',0,1,0,'2021-03-19 19:52:28'),(283,9,70,13,'18','10','8',0,1,0,'2021-03-19 19:52:38'),(284,11,70,13,'13','8','5',0,1,0,'2021-03-19 19:52:50'),(285,8,70,13,'13','6','7',0,1,0,'2021-03-19 19:52:58'),(286,12,70,13,'55','17','38',0,1,0,'2021-03-19 19:53:26'),(287,10,70,13,'12','3','9',0,1,0,'2021-03-19 19:53:50'),(288,10,70,13,'9','4','5',0,1,0,'2021-03-19 19:53:59'),(289,12,70,13,'38','22','16',0,1,0,'2021-03-19 19:54:10'),(290,1,70,13,'7','7','0',0,1,0,'2021-03-19 19:54:18'),(291,2,70,13,'7','7','0',0,1,0,'2021-03-19 19:54:23'),(292,3,70,13,'11','11','0',0,1,0,'2021-03-19 19:54:28'),(293,9,70,13,'8','3','5',0,1,0,'2021-03-19 19:54:39'),(294,8,70,13,'7','1','6',0,1,0,'2021-03-19 19:54:43'),(295,5,70,13,'19','10','9',0,1,0,'2021-03-19 19:54:54'),(296,4,70,13,'10','1','9',0,1,0,'2021-03-19 19:54:57'),(297,6,70,13,'6','1','5',0,1,0,'2021-03-19 19:55:03'),(298,4,70,13,'9','5','4',0,1,0,'2021-03-19 19:56:36'),(299,7,70,13,'2','1','3',0,1,0,'2021-03-21 10:45:41'),(300,9,70,13,'5','1','4',0,1,0,'2021-03-21 10:46:10'),(301,10,70,13,'5','1','6',0,1,0,'2021-03-21 10:46:20'),(302,4,70,13,'4','14','18',0,1,0,'2021-03-21 10:47:14'),(303,5,70,13,'9','19','28',0,1,0,'2021-03-21 10:47:44'),(304,6,70,13,'5','6','11',0,1,0,'2021-03-21 10:47:58'),(305,7,70,13,'3','7','10',0,1,0,'2021-03-21 10:48:08'),(306,9,70,13,'4','14','18',0,1,0,'2021-03-21 10:48:23'),(307,11,70,13,'5','6','11',0,1,0,'2021-03-21 10:48:32'),(308,8,70,13,'6','9','15',0,1,0,'2021-03-21 10:48:45'),(309,10,70,13,'6','7','13',0,1,0,'2021-03-21 10:48:56'),(310,12,70,13,'16','34','50',0,1,0,'2021-03-21 10:49:04'),(311,1,70,13,'0','7','7',0,1,0,'2021-03-21 10:49:13'),(312,2,70,13,'0','6','6',0,1,0,'2021-03-21 10:49:18'),(313,3,70,13,'0','10','10',0,1,0,'2021-03-21 10:49:24'),(314,4,70,13,'18','4','14',0,1,0,'2021-03-21 10:50:01'),(315,5,70,13,'28','13','15',0,1,0,'2021-03-21 10:50:08'),(316,6,70,13,'11','4','7',0,1,0,'2021-03-21 10:50:18'),(317,7,70,13,'10','4','6',0,1,0,'2021-03-21 10:50:22'),(318,8,70,13,'15','7','8',0,1,0,'2021-03-21 10:50:36'),(319,9,70,13,'18','7','11',0,1,0,'2021-03-21 10:50:38'),(320,11,70,13,'11','4','7',0,1,0,'2021-03-21 10:50:49'),(321,10,70,13,'13','8','5',0,1,0,'2021-03-21 10:50:55'),(322,12,70,13,'50','37','13',0,1,0,'2021-03-21 10:51:07'),(323,1,70,13,'7','5','2',0,1,0,'2021-03-21 10:51:23'),(324,2,70,13,'6','5','1',0,1,0,'2021-03-21 10:51:26'),(325,3,70,13,'10','8','2',0,1,0,'2021-03-21 10:51:32'),(326,6,70,13,'7','1','6',0,1,0,'2021-03-21 10:51:38'),(327,9,70,13,'11','5','6',0,1,0,'2021-03-21 10:51:43'),(328,5,70,13,'15','2','13',0,1,0,'2021-03-21 10:51:48'),(329,4,70,13,'14','8','6',0,1,0,'2021-03-21 10:51:59'),(330,5,70,13,'13','3','10',0,1,0,'2021-03-21 10:52:06'),(331,11,70,13,'7','3','4',0,1,0,'2021-03-21 10:52:16'),(332,8,70,13,'8','1','7',0,1,0,'2021-03-21 10:52:21'),(333,6,70,13,'6','1','5',0,1,0,'2021-03-21 10:52:34'),(334,9,70,13,'6','1','5',0,1,0,'2021-03-21 10:52:39'),(335,12,70,13,'13','5','8',0,1,0,'2021-03-21 10:52:52'),(336,1,70,13,'2','1','1',0,1,0,'2021-03-21 10:52:57'),(337,2,70,13,'1','1','0',0,1,0,'2021-03-21 10:53:04'),(338,3,70,13,'2','2','0',0,1,0,'2021-03-21 10:53:11'),(339,1,70,13,'1','1','0',0,1,0,'2021-03-21 10:53:15'),(340,10,70,13,'5','1','4',0,1,0,'2021-03-21 10:53:25'),(341,1,70,13,'0','7','7',0,1,0,'2021-03-21 10:53:47'),(342,2,70,13,'0','7','7',0,1,0,'2021-03-21 10:53:52'),(343,3,70,13,'0','11','11',0,1,0,'2021-03-21 10:53:55'),(344,5,70,13,'10','1','9',0,1,0,'2021-03-21 10:56:29'),(345,12,70,13,'8','4','4',0,1,0,'2021-03-21 10:57:23'),(346,4,70,13,'6','2','8',0,1,0,'2021-03-21 10:58:00'),(347,5,70,13,'9','4','13',0,1,0,'2021-03-21 10:58:07'),(348,6,70,13,'5','4','9',0,1,0,'2021-03-21 10:58:13'),(349,9,70,13,'5','10','15',0,1,0,'2021-03-21 10:58:28'),(350,11,70,13,'4','7','11',0,1,0,'2021-03-21 10:58:42'),(351,8,70,13,'7','7','14',0,1,0,'2021-03-21 10:58:55'),(352,12,70,13,'4','54','58',0,1,0,'2021-03-21 10:59:13'),(353,4,70,13,'8','6','2',0,1,0,'2021-03-21 10:59:39'),(354,5,70,13,'13','10','3',0,1,0,'2021-03-21 10:59:50'),(355,6,70,13,'9','9','0',0,1,0,'2021-03-21 11:00:35'),(356,7,70,13,'6','4','2',0,1,0,'2021-03-21 11:00:46'),(357,9,70,13,'15','10','5',0,1,0,'2021-03-21 11:00:55'),(358,8,70,13,'14','7','7',0,1,0,'2021-03-21 11:01:05'),(359,10,70,13,'4','4','0',0,1,0,'2021-03-21 11:01:13'),(360,11,70,13,'11','4','7',0,1,0,'2021-03-21 11:01:21'),(361,12,70,13,'58','31','27',0,1,0,'2021-03-21 11:01:39'),(362,1,70,13,'7','7','0',0,1,0,'2021-03-21 14:40:03'),(363,2,70,13,'7','7','0',0,1,0,'2021-03-21 14:40:10'),(364,3,70,13,'11','11','0',0,1,0,'2021-03-21 14:40:17'),(365,4,70,13,'2','2','0',0,1,0,'2021-03-21 14:40:25'),(366,5,70,13,'3','3','0',0,1,0,'2021-03-21 14:40:39'),(367,8,70,13,'7','7','0',0,1,0,'2021-03-21 14:40:59'),(368,9,70,13,'5','5','0',0,1,0,'2021-03-21 14:41:07'),(369,11,70,13,'7','6','1',0,1,0,'2021-03-21 14:41:22'),(370,12,70,13,'27','18','9',0,1,0,'2021-03-21 14:41:37'),(371,9,70,13,'0','7','7',0,1,0,'2021-03-21 18:23:41'),(372,11,70,13,'1','5','6',0,1,0,'2021-03-21 18:23:54'),(373,8,70,13,'0','2','2',0,1,0,'2021-03-21 18:23:57'),(374,4,70,13,'0','4','4',0,1,0,'2021-03-21 18:24:05'),(375,6,70,13,'0','8','8',0,1,0,'2021-03-21 18:24:28'),(376,5,70,13,'0','9','9',0,1,0,'2021-03-21 18:24:37'),(377,10,70,13,'0','2','2',0,1,0,'2021-03-21 18:24:44'),(378,5,70,13,'9','5','4',0,1,0,'2021-03-21 18:24:59'),(379,6,70,13,'8','3','5',0,1,0,'2021-03-21 18:25:05'),(380,8,70,13,'2','1','1',0,1,0,'2021-03-21 18:25:08'),(381,10,70,13,'2','2','0',0,1,0,'2021-03-21 18:25:12'),(382,11,70,13,'6','1','5',0,1,0,'2021-03-21 18:25:16'),(383,12,70,13,'9','1','8',0,1,0,'2021-03-21 18:28:24'),(384,1,70,13,'0','7','7',0,1,0,'2021-03-22 12:12:42'),(385,2,70,13,'0','7','7',0,1,0,'2021-03-22 12:12:46'),(386,3,70,13,'0','11','11',0,1,0,'2021-03-22 12:12:52'),(387,12,70,13,'8','38','46',0,1,0,'2021-03-22 12:13:15'),(388,12,70,13,'46','15','61',0,1,0,'2021-03-22 12:13:23'),(389,5,70,13,'4','19','23',0,1,0,'2021-03-22 12:13:38'),(390,6,70,13,'5','8','13',0,1,0,'2021-03-22 12:13:56'),(391,7,70,13,'2','5','7',0,1,0,'2021-03-22 12:14:09'),(392,8,70,13,'1','14','15',0,1,0,'2021-03-22 12:14:49'),(393,10,70,13,'0','11','11',0,1,0,'2021-03-22 12:15:00'),(394,6,70,13,'13','5','18',0,1,0,'2021-03-22 18:26:42'),(395,5,70,13,'23','5','28',0,1,0,'2021-03-22 18:27:13'),(396,4,70,13,'4','5','9',0,1,0,'2021-03-22 18:27:20'),(397,10,70,13,'11','5','16',0,1,0,'2021-03-22 18:27:31'),(398,4,70,13,'9','4','5',0,1,0,'2021-03-22 18:27:48'),(399,5,70,13,'28','13','15',0,1,0,'2021-03-22 18:27:56'),(400,6,70,13,'18','10','8',0,1,0,'2021-03-22 18:28:05'),(401,7,70,13,'7','5','2',0,1,0,'2021-03-22 18:28:13'),(402,9,70,13,'7','7','0',0,1,0,'2021-03-22 18:28:25'),(403,11,70,13,'5','5','0',0,1,0,'2021-03-22 18:28:35'),(404,10,70,13,'16','10','6',0,1,0,'2021-03-22 18:28:47'),(405,8,70,13,'15','10','5',0,1,0,'2021-03-22 18:28:54'),(406,12,70,13,'61','36','25',0,1,0,'2021-03-22 18:29:02'),(407,5,70,13,'15','5','10',0,1,0,'2021-03-22 18:29:16'),(408,1,70,13,'7','7','0',0,1,0,'2021-03-22 18:29:22'),(409,2,70,13,'7','7','0',0,1,0,'2021-03-22 18:29:26'),(410,3,70,13,'11','11','0',0,1,0,'2021-03-22 18:29:32'),(411,12,70,13,'25','10','15',0,1,0,'2021-03-22 18:29:46'),(412,8,70,13,'5','1','4',0,1,0,'2021-03-22 18:30:09'),(413,6,70,13,'8','1','7',0,1,0,'2021-03-22 18:30:36'),(414,11,70,13,'0','5','5',0,1,0,'2021-03-22 18:31:00'),(415,11,70,13,'5','1','4',0,1,0,'2021-03-22 18:31:10'),(416,9,70,13,'0','13','13',0,1,0,'2021-03-22 18:32:19'),(417,9,70,13,'13','9','4',0,1,0,'2021-03-22 18:32:30'),(418,4,70,13,'5','4','1',0,1,0,'2021-03-22 18:32:38'),(419,11,70,13,'4','3','1',0,1,0,'2021-03-22 18:33:05'),(420,8,70,13,'4','2','2',0,1,0,'2021-03-22 18:33:09'),(421,4,70,13,'1','4','5',0,1,0,'2021-03-23 10:23:41'),(422,5,70,13,'10','4','6',0,1,0,'2021-03-23 10:23:53'),(423,6,70,13,'7','2','5',0,1,0,'2021-03-23 10:24:06'),(424,11,70,13,'1','4','5',0,1,0,'2021-03-23 10:24:33'),(425,4,70,13,'5','1','6',0,1,0,'2021-03-23 18:20:10'),(426,5,70,13,'6','10','16',0,1,0,'2021-03-23 18:20:22'),(427,6,70,13,'5','4','9',0,1,0,'2021-03-23 18:20:32'),(428,9,70,13,'4','4','8',0,1,0,'2021-03-23 18:20:41'),(429,8,70,13,'2','8','10',0,1,0,'2021-03-23 18:20:52'),(430,12,70,13,'15','53','68',0,1,0,'2021-03-23 18:21:08'),(431,1,70,13,'0','7','7',0,1,0,'2021-03-23 18:21:16'),(432,2,70,13,'0','7','7',0,1,0,'2021-03-23 18:21:20'),(433,3,70,13,'0','7','7',0,1,0,'2021-03-23 18:21:26'),(434,4,70,13,'6','6','0',0,1,0,'2021-03-23 18:21:46'),(435,5,70,13,'16','14','2',0,1,0,'2021-03-23 18:21:53'),(436,6,70,13,'9','8','1',0,1,0,'2021-03-23 18:22:00'),(437,9,70,13,'8','7','1',0,1,0,'2021-03-23 18:22:10'),(438,7,70,13,'2','1','1',0,1,0,'2021-03-23 18:22:18'),(439,11,70,13,'5','5','0',0,1,0,'2021-03-23 18:22:30'),(440,8,70,13,'10','8','2',0,1,0,'2021-03-23 18:23:00'),(441,10,70,13,'6','6','0',0,1,0,'2021-03-23 18:23:12'),(442,12,70,13,'68','42','26',0,1,0,'2021-03-23 18:23:32'),(443,6,70,13,'1','5','6',0,1,0,'2021-03-23 18:23:47'),(444,9,70,13,'1','8','9',0,1,0,'2021-03-23 18:23:56'),(445,11,70,13,'0','5','5',0,1,0,'2021-03-23 18:24:00'),(446,1,70,13,'7','7','0',0,1,0,'2021-03-23 18:24:22'),(447,2,70,13,'7','7','0',0,1,0,'2021-03-23 18:24:27'),(448,3,70,13,'7','7','0',0,1,0,'2021-03-23 18:24:33'),(449,5,70,13,'2','2','0',0,1,0,'2021-03-23 18:24:39'),(450,9,70,13,'9','2','7',0,1,0,'2021-03-23 18:24:47'),(451,6,70,13,'6','1','5',0,1,0,'2021-03-23 18:24:51'),(452,8,70,13,'2','2','0',0,1,0,'2021-03-23 18:24:58'),(453,12,70,13,'26','4','22',0,1,0,'2021-03-23 18:25:05'),(454,8,70,13,'0','6','6',0,1,0,'2021-03-23 18:25:19'),(455,4,70,13,'0','7','7',0,1,0,'2021-03-23 18:25:26'),(456,10,70,13,'0','5','5',0,1,0,'2021-03-23 18:25:33'),(457,5,70,13,'0','11','11',0,1,0,'2021-03-23 18:25:41'),(458,4,70,13,'7','2','5',0,1,0,'2021-03-23 18:25:54'),(459,12,70,13,'22','2','20',0,1,0,'2021-03-23 18:25:57'),(460,7,70,13,'1','1','0',0,1,0,'2021-03-23 18:28:51'),(461,9,70,13,'7','2','9',0,1,0,'2021-03-23 18:31:46'),(462,7,70,13,'0','5','5',0,1,0,'2021-03-26 14:05:13'),(463,4,70,13,'5','3','8',0,1,0,'2021-03-26 14:05:48'),(464,5,70,13,'11','9','20',0,1,0,'2021-03-26 14:06:01'),(465,6,70,13,'5','4','9',0,1,0,'2021-03-26 14:06:07'),(466,9,70,13,'9','6','15',0,1,0,'2021-03-26 14:06:15'),(467,11,70,13,'5','3','8',0,1,0,'2021-03-26 14:06:21'),(468,8,70,13,'6','1','7',0,1,0,'2021-03-26 14:06:25'),(469,10,70,13,'5','2','7',0,1,0,'2021-03-26 14:06:35'),(470,12,70,13,'20','17','37',0,1,0,'2021-03-26 14:08:04'),(471,9,70,13,'15','3','18',0,1,0,'2021-03-26 14:08:18'),(472,12,70,13,'37','14','51',0,1,0,'2021-03-26 14:08:29'),(473,1,70,13,'0','7','7',0,1,0,'2021-03-26 14:08:37'),(474,2,70,13,'0','6','6',0,1,0,'2021-03-26 14:08:43'),(475,3,70,13,'0','7','7',0,1,0,'2021-03-26 14:08:48'),(476,7,70,13,'5','10','15',0,1,0,'2021-03-26 14:09:51'),(477,7,70,13,'15','2','17',0,1,0,'2021-03-26 14:10:11'),(478,10,70,13,'7','4','11',0,1,0,'2021-03-26 14:10:23'),(479,11,70,13,'8','3','11',0,1,0,'2021-03-26 14:10:30'),(480,8,70,13,'7','5','12',0,1,0,'2021-03-26 14:10:37'),(481,4,70,13,'8','4','12',0,1,0,'2021-03-26 14:10:44'),(482,6,70,13,'9','4','13',0,1,0,'2021-03-26 14:10:49'),(483,5,70,13,'20','10','30',0,1,0,'2021-03-26 14:10:59'),(484,4,70,13,'12','5','7',0,1,0,'2021-03-26 14:11:11'),(485,5,70,13,'30','19','11',0,1,0,'2021-03-26 14:11:20'),(486,6,70,13,'13','7','6',0,1,0,'2021-03-26 14:11:30'),(487,9,70,13,'18','11','7',0,1,0,'2021-03-26 14:11:43'),(488,11,70,13,'11','5','6',0,1,0,'2021-03-26 14:11:50'),(489,8,70,13,'12','5','7',0,1,0,'2021-03-26 14:11:55'),(490,10,70,13,'11','7','4',0,1,0,'2021-03-26 14:12:03'),(491,12,70,13,'51','33','18',0,1,0,'2021-03-26 14:12:10'),(492,1,70,13,'7','7','0',0,1,0,'2021-03-26 14:12:23'),(493,2,70,13,'6','6','0',0,1,0,'2021-03-26 14:12:27'),(494,3,70,13,'7','7','0',0,1,0,'2021-03-26 14:12:32'),(495,7,70,13,'17','7','10',0,1,0,'2021-03-26 14:12:47'),(496,9,70,13,'7','4','3',0,1,0,'2021-03-26 14:12:50'),(497,12,70,13,'18','9','9',0,1,0,'2021-03-26 14:12:58'),(498,11,70,13,'6','3','3',0,1,0,'2021-03-26 14:13:03'),(499,8,70,13,'7','1','6',0,1,0,'2021-03-26 14:13:07'),(500,6,70,13,'6','1','5',0,1,0,'2021-03-26 14:13:11'),(501,4,70,13,'7','2','5',0,1,0,'2021-03-26 14:13:15'),(502,7,70,13,'10','5','5',0,1,0,'2021-03-26 14:13:41'),(503,8,70,13,'6','1','5',0,1,0,'2021-03-26 14:13:47'),(504,10,70,13,'4','1','5',0,1,0,'2021-03-26 14:14:08'),(505,12,70,13,'9','6','15',0,1,0,'2021-03-26 14:14:12'),(506,8,70,13,'5','2','7',0,1,0,'2021-03-26 14:14:26'),(507,6,70,13,'5','4','9',0,1,0,'2021-03-26 14:14:33'),(508,5,70,13,'11','4','15',0,1,0,'2021-03-26 14:14:40'),(509,12,70,13,'15','18','33',0,1,0,'2021-03-26 14:14:56'),(510,12,70,13,'33','6','39',0,1,0,'2021-03-26 14:15:13'),(511,9,70,13,'3','7','10',0,1,0,'2021-03-26 14:15:18'),(512,1,70,13,'0','5','5',0,1,0,'2021-03-26 14:15:25'),(513,2,70,13,'0','7','7',0,1,0,'2021-03-26 14:15:31'),(514,3,70,13,'0','5','5',0,1,0,'2021-03-26 14:15:36'),(515,6,70,13,'9','5','14',0,1,0,'2021-03-26 14:15:44'),(516,7,70,13,'5','4','9',0,1,0,'2021-03-26 14:15:48'),(517,9,70,13,'10','5','15',0,1,0,'2021-03-26 14:16:07'),(518,10,70,13,'5','6','11',0,1,0,'2021-03-26 14:16:14'),(519,4,70,13,'5','6','11',0,1,0,'2021-03-26 14:16:23'),(520,5,70,13,'15','9','24',0,1,0,'2021-03-26 14:16:31'),(521,11,70,13,'3','6','9',0,1,0,'2021-03-26 14:16:36'),(522,8,70,13,'7','6','13',0,1,0,'2021-03-26 14:16:40'),(523,12,70,13,'39','11','50',0,1,0,'2021-03-26 14:16:49'),(524,4,70,13,'11','3','8',0,1,0,'2021-03-26 14:17:00'),(525,5,70,13,'24','11','13',0,1,0,'2021-03-26 14:17:08'),(526,6,70,13,'14','7','7',0,1,0,'2021-03-26 14:17:17'),(527,7,70,13,'9','2','7',0,1,0,'2021-03-26 14:17:21'),(528,9,70,13,'15','3','12',0,1,0,'2021-03-26 14:17:26'),(529,11,70,13,'9','3','6',0,1,0,'2021-03-26 14:17:31'),(530,8,70,13,'13','7','6',0,1,0,'2021-03-26 14:17:42'),(531,10,70,13,'11','5','6',0,1,0,'2021-03-26 14:17:48'),(532,12,70,13,'50','32','18',0,1,0,'2021-03-26 14:18:02'),(533,1,70,13,'5','4','1',0,1,0,'2021-03-26 14:18:19'),(534,2,70,13,'7','7','0',0,1,0,'2021-03-26 14:18:26'),(535,3,70,13,'5','5','0',0,1,0,'2021-03-26 14:18:32'),(536,9,70,13,'12','7','5',0,1,0,'2021-03-26 14:18:40'),(537,6,70,13,'7','1','6',0,1,0,'2021-03-26 14:18:44'),(538,12,70,13,'18','1','17',0,1,0,'2021-03-26 14:18:50'),(539,5,70,13,'13','1','12',0,1,0,'2021-03-26 14:18:57'),(540,1,70,13,'1','1','0',0,1,0,'2021-03-26 14:19:04'),(541,12,70,13,'17','3','14',0,1,0,'2021-03-26 14:19:09'),(542,11,70,13,'6','3','3',0,1,0,'2021-03-26 14:19:15'),(543,4,70,13,'8','1','7',0,1,0,'2021-03-26 14:19:27'),(544,5,70,13,'12','2','10',0,1,0,'2021-03-26 14:19:32'),(545,6,70,13,'6','1','5',0,1,0,'2021-03-26 14:19:36'),(546,7,70,13,'7','1','6',0,1,0,'2021-03-26 14:19:41'),(547,12,70,13,'14','6','8',0,1,0,'2021-03-26 14:20:01'),(548,12,70,13,'8','46','54',0,1,0,'2021-03-26 14:20:50'),(549,5,70,13,'10','6','16',0,1,0,'2021-03-26 14:21:10'),(550,9,70,13,'5','11','16',0,1,0,'2021-03-26 14:21:17'),(551,11,70,13,'3','1','4',0,1,0,'2021-03-26 14:21:23'),(552,6,70,13,'5','3','8',0,1,0,'2021-03-26 14:21:28'),(553,4,70,13,'7','7','0',0,1,0,'2021-03-26 14:21:41'),(554,5,70,13,'16','13','3',0,1,0,'2021-03-26 14:21:49'),(555,6,70,13,'8','6','2',0,1,0,'2021-03-26 14:21:56'),(556,7,70,13,'6','5','1',0,1,0,'2021-03-26 14:22:02'),(557,9,70,13,'16','13','3',0,1,0,'2021-03-26 14:22:15'),(558,11,70,13,'4','3','1',0,1,0,'2021-03-26 14:22:21'),(559,8,70,13,'6','6','0',0,1,0,'2021-03-26 14:22:29'),(560,10,70,13,'6','6','0',0,1,0,'2021-03-26 14:22:35'),(561,12,70,13,'54','39','15',0,1,0,'2021-03-26 14:22:39'),(562,1,70,13,'0','7','7',0,1,0,'2021-03-26 14:22:50'),(563,2,70,13,'0','7','7',0,1,0,'2021-03-26 14:22:55'),(564,3,70,13,'0','11','11',0,1,0,'2021-03-26 14:23:02'),(565,10,70,13,'0','2','2',0,1,0,'2021-03-26 14:23:09'),(566,9,70,13,'3','5','8',0,1,0,'2021-03-26 14:23:17'),(567,11,70,13,'1','5','6',0,1,0,'2021-03-26 14:23:26'),(568,12,70,13,'15','5','10',0,1,0,'2021-03-26 14:23:50'),(569,1,70,13,'7','7','0',0,1,0,'2021-03-26 14:23:58'),(570,3,70,13,'11','11','0',0,1,0,'2021-03-26 14:24:06'),(571,2,70,13,'7','7','0',0,1,0,'2021-03-26 14:24:10'),(572,5,70,13,'3','3','0',0,1,0,'2021-03-26 14:24:16'),(573,10,70,13,'2','2','0',0,1,0,'2021-03-26 14:24:21'),(574,6,70,13,'2','2','0',0,1,0,'2021-03-26 14:24:26'),(575,9,70,13,'8','3','5',0,1,0,'2021-03-26 14:24:30'),(576,11,70,13,'6','1','5',0,1,0,'2021-03-26 14:24:34'),(577,7,70,13,'1','1','0',0,1,0,'2021-03-26 14:29:01'),(578,12,70,13,'10','10','0',0,1,0,'2021-03-26 14:30:15'),(579,2,72,8,'1','1','0',0,1,0,'2021-03-27 00:30:16'),(580,3,72,8,'3','3','0',0,1,0,'2021-03-27 00:30:35'),(581,4,72,8,'2','2','0',0,1,0,'2021-03-27 00:30:38'),(582,5,72,8,'3','3','0',0,1,0,'2021-03-27 00:30:40'),(583,6,72,8,'2','2','0',0,1,0,'2021-03-27 00:30:43'),(584,7,72,8,'2','2','0',0,1,0,'2021-03-27 00:30:44'),(585,9,72,8,'2','2','0',0,1,0,'2021-03-27 00:30:47'),(586,11,72,8,'3','3','0',0,1,0,'2021-03-27 00:30:49'),(587,8,72,8,'2','2','0',0,1,0,'2021-03-27 00:30:52'),(588,10,72,8,'2','2','0',0,1,0,'2021-03-27 00:30:54'),(589,12,72,8,'6','6','0',0,1,0,'2021-03-27 00:30:58'),(590,4,73,9,'1','1','0',0,1,0,'2021-03-27 00:31:26'),(591,5,73,9,'2','2','0',0,1,0,'2021-03-27 00:31:28'),(592,6,73,9,'3','3','0',0,1,0,'2021-03-27 00:31:31'),(593,7,73,9,'4','4','0',0,1,0,'2021-03-27 00:31:33'),(594,9,73,9,'3','3','0',0,1,0,'2021-03-27 00:31:35'),(595,11,73,9,'1','1','0',0,1,0,'2021-03-27 00:31:37'),(596,8,73,9,'2','2','0',0,1,0,'2021-03-27 00:31:38'),(597,10,73,9,'1','1','0',0,1,0,'2021-03-27 00:31:40'),(598,12,73,9,'3','3','0',0,1,0,'2021-03-27 00:31:42'),(599,4,74,10,'2','2','0',0,1,0,'2021-03-27 00:32:03'),(600,5,74,10,'2','2','0',0,1,0,'2021-03-27 00:32:06'),(601,6,74,10,'2','2','0',0,1,0,'2021-03-27 00:32:09'),(602,7,74,10,'2','2','0',0,1,0,'2021-03-27 00:32:13'),(603,9,74,10,'1','1','0',0,1,0,'2021-03-27 00:32:15'),(604,11,74,10,'2','2','0',0,1,0,'2021-03-27 00:32:26'),(605,8,74,10,'3','3','0',0,1,0,'2021-03-27 00:32:30'),(606,10,74,10,'2','2','0',0,1,0,'2021-03-27 00:32:33'),(607,12,74,10,'5','5','0',0,1,0,'2021-03-27 00:32:38'),(608,4,75,11,'1','1','0',0,1,0,'2021-03-27 00:33:08'),(609,5,75,11,'1','1','0',0,1,0,'2021-03-27 00:33:09'),(610,6,75,11,'2','2','0',0,1,0,'2021-03-27 00:33:11'),(611,7,75,11,'1','1','0',0,1,0,'2021-03-27 00:33:13'),(612,11,75,11,'2','2','0',0,1,0,'2021-03-27 00:33:15'),(613,8,75,11,'2','2','0',0,1,0,'2021-03-27 00:33:17'),(614,10,75,11,'3','3','0',0,1,0,'2021-03-27 00:33:18'),(615,12,75,11,'5','5','0',0,1,0,'2021-03-27 00:33:21'),(616,4,76,12,'3','3','0',0,1,0,'2021-03-27 00:34:11'),(617,5,76,12,'3','3','0',0,1,0,'2021-03-27 00:34:29'),(618,6,76,12,'4','4','0',0,1,0,'2021-03-27 00:34:35'),(619,7,76,12,'3','3','0',0,1,0,'2021-03-27 00:34:40'),(620,9,76,12,'1','1','0',0,1,0,'2021-03-27 00:34:43'),(621,11,76,12,'2','3','-1',0,1,0,'2021-03-27 00:34:45'),(622,8,76,12,'4','4','0',0,1,0,'2021-03-27 00:34:51'),(623,10,76,12,'2','2','0',0,1,0,'2021-03-27 00:34:53'),(624,12,76,12,'9','9','0',0,1,0,'2021-03-27 00:34:55'),(625,11,76,12,'-1','1','0',0,1,0,'2021-03-27 00:36:13'),(626,6,76,12,'0','1','-1',0,1,0,'2021-03-27 00:36:21'),(627,6,76,12,'-1','1','0',0,1,0,'2021-03-27 00:36:28'),(628,10,70,13,'0','5','5',0,1,0,'2021-03-27 13:55:07'),(629,4,70,13,'0','5','5',0,1,0,'2021-03-27 13:55:19'),(630,12,70,13,'0','7','7',0,1,0,'2021-03-27 13:55:25'),(631,5,70,13,'0','12','12',0,1,0,'2021-03-27 14:34:40'),(632,8,70,13,'0','1','1',0,1,0,'2021-03-27 14:34:55'),(633,8,70,13,'1','3','4',0,1,0,'2021-03-27 14:35:00'),(634,8,70,13,'4','2','6',0,1,0,'2021-03-27 14:35:05'),(635,8,70,13,'6','4','10',0,1,0,'2021-03-27 14:35:08'),(636,6,70,13,'0','5','5',0,1,0,'2021-03-27 14:35:17'),(637,12,70,13,'7','5','2',0,1,0,'2021-03-27 14:35:37'),(638,12,70,13,'2','2','0',0,1,0,'2021-03-27 14:35:47'),(639,6,70,13,'5','1','4',0,1,0,'2021-03-27 14:35:50'),(640,11,70,13,'5','1','4',0,1,0,'2021-03-27 14:35:53'),(641,5,70,13,'12','4','8',0,1,0,'2021-03-27 14:36:20'),(642,8,70,13,'10','5','5',0,1,0,'2021-03-27 14:36:30'),(643,5,70,13,'8','2','6',0,1,0,'2021-03-27 14:36:41'),(644,4,70,13,'5','5','10',0,1,0,'2021-03-27 14:37:46'),(645,5,70,13,'6','3','9',0,1,0,'2021-03-27 14:37:53'),(646,6,70,13,'4','11','15',0,1,0,'2021-03-27 14:38:02'),(647,9,70,13,'5','6','11',0,1,0,'2021-03-27 14:38:11'),(648,11,70,13,'4','7','11',0,1,0,'2021-03-27 14:38:18'),(649,8,70,13,'5','4','9',0,1,0,'2021-03-27 14:38:23'),(650,10,70,13,'5','9','14',0,1,0,'2021-03-27 14:38:29'),(651,12,70,13,'0','53','53',0,1,0,'2021-03-27 14:38:34'),(652,1,70,13,'0','7','7',0,1,0,'2021-03-27 14:38:44'),(653,2,70,13,'0','6','6',0,1,0,'2021-03-27 14:38:53'),(654,3,70,13,'0','11','11',0,1,0,'2021-03-27 14:39:00'),(655,4,70,13,'10','6','4',0,1,0,'2021-03-27 14:39:19'),(656,5,70,13,'9','9','0',0,1,0,'2021-03-27 14:39:26'),(657,6,70,13,'15','11','4',0,1,0,'2021-03-27 14:39:31'),(658,9,70,13,'11','6','5',0,1,0,'2021-03-27 14:39:39'),(659,11,70,13,'11','6','5',0,1,0,'2021-03-27 14:39:52'),(660,8,70,13,'9','5','4',0,1,0,'2021-03-27 14:39:58'),(661,10,70,13,'14','9','5',0,1,0,'2021-03-27 14:40:05'),(662,12,70,13,'53','26','27',0,1,0,'2021-03-27 14:40:13'),(663,12,70,13,'27','21','6',0,1,0,'2021-03-27 14:40:24'),(664,1,70,13,'7','7','0',0,1,0,'2021-03-27 14:40:30'),(665,2,70,13,'6','6','0',0,1,0,'2021-03-27 14:40:37'),(666,3,70,13,'11','11','0',0,1,0,'2021-03-27 14:40:41'),(667,9,70,13,'5','3','2',0,1,0,'2021-03-27 14:40:47'),(668,8,70,13,'4','4','0',0,1,0,'2021-03-27 14:40:52'),(669,11,70,13,'5','1','4',0,1,0,'2021-03-27 14:40:59'),(670,12,70,13,'6','1','5',0,1,0,'2021-03-27 14:53:08'),(671,9,70,13,'2','10','12',0,1,0,'2021-03-27 18:19:45'),(672,10,70,13,'5','2','7',0,1,0,'2021-03-27 18:19:49'),(673,7,70,13,'0','5','5',0,1,0,'2021-03-27 18:19:56'),(674,5,70,13,'0','24','24',0,1,0,'2021-03-27 18:20:38'),(675,6,70,13,'4','1','5',0,1,0,'2021-03-27 18:20:54'),(676,7,70,13,'5','7','12',0,1,0,'2021-03-27 18:21:20'),(677,8,70,13,'0','11','11',0,1,0,'2021-03-27 18:21:29'),(678,4,70,13,'4','6','10',0,1,0,'2021-03-27 18:21:39'),(679,7,70,13,'12','5','7',0,1,0,'2021-03-27 18:23:53'),(680,9,70,13,'12','2','10',0,1,0,'2021-03-27 18:24:15'),(681,12,70,13,'5','5','0',0,1,0,'2021-03-27 18:24:23'),(682,5,70,13,'24','6','18',0,1,0,'2021-03-27 19:04:43'),(683,7,70,13,'7','1','6',0,1,0,'2021-03-27 19:04:49'),(684,7,70,13,'6','1','5',0,1,0,'2021-03-27 19:05:51'),(685,12,70,13,'0','49','49',0,1,0,'2021-03-28 18:19:03'),(686,5,70,13,'18','3','21',0,1,0,'2021-03-28 18:19:09'),(687,9,70,13,'10','4','14',0,1,0,'2021-03-28 18:19:13'),(688,8,70,13,'11','3','14',0,1,0,'2021-03-28 18:19:18'),(689,1,70,13,'0','7','7',0,1,0,'2021-03-28 18:19:24'),(690,2,70,13,'0','7','7',0,1,0,'2021-03-28 18:19:28'),(691,3,70,13,'0','11','11',0,1,0,'2021-03-28 18:19:32'),(692,12,70,13,'49','7','56',0,1,0,'2021-03-28 18:19:37'),(693,11,70,13,'4','4','8',0,1,0,'2021-03-28 18:25:20'),(694,4,70,13,'10','3','13',0,1,0,'2021-03-28 18:25:24'),(695,9,70,13,'14','3','17',0,1,0,'2021-03-28 18:25:29'),(696,7,70,13,'5','4','9',0,1,0,'2021-03-28 18:25:34'),(697,5,70,13,'21','8','29',0,1,0,'2021-03-28 18:25:45'),(698,12,70,13,'56','14','70',0,1,0,'2021-03-28 18:25:50'),(699,11,70,13,'8','5','13',0,1,0,'2021-03-28 18:25:55'),(700,6,70,13,'5','7','12',0,1,0,'2021-03-28 18:26:00'),(701,4,70,13,'13','6','7',0,1,0,'2021-03-28 18:26:14'),(702,5,70,13,'29','18','11',0,1,0,'2021-03-28 18:26:20'),(703,6,70,13,'12','5','7',0,1,0,'2021-03-28 18:26:27'),(704,7,70,13,'9','5','4',0,1,0,'2021-03-28 18:26:36'),(705,9,70,13,'17','11','6',0,1,0,'2021-03-28 18:26:41'),(706,11,70,13,'13','4','9',0,1,0,'2021-03-28 18:26:47'),(707,8,70,13,'14','8','6',0,1,0,'2021-03-28 18:26:50'),(708,10,70,13,'7','4','3',0,1,0,'2021-03-28 18:26:56'),(709,12,70,13,'70','46','24',0,1,0,'2021-03-28 18:27:00'),(710,9,70,13,'6','3','3',0,1,0,'2021-03-28 18:27:14'),(711,12,70,13,'24','5','19',0,1,0,'2021-03-28 18:27:18'),(712,1,70,13,'7','7','0',0,1,0,'2021-03-28 18:27:23'),(713,2,70,13,'7','7','0',0,1,0,'2021-03-28 18:27:27'),(714,3,70,13,'11','11','0',0,1,0,'2021-03-28 18:27:31'),(715,5,70,13,'11','2','9',0,1,0,'2021-03-28 18:27:35'),(716,4,70,13,'7','2','5',0,1,0,'2021-03-28 18:27:38'),(717,12,70,13,'19','5','14',0,1,0,'2021-03-28 18:27:47'),(718,11,70,13,'9','3','6',0,1,0,'2021-03-28 18:27:53'),(719,4,70,13,'5','1','4',0,1,0,'2021-03-29 07:40:25'),(720,5,70,13,'9','1','10',0,1,0,'2021-03-29 07:40:37'),(721,6,70,13,'7','2','5',0,1,0,'2021-03-29 07:40:52'),(722,8,70,13,'6','1','5',0,1,0,'2021-03-29 07:41:08'),(723,10,70,13,'3','1','2',0,1,0,'2021-03-29 07:41:14'),(724,12,70,13,'14','30','44',0,1,0,'2021-03-29 18:17:56'),(725,4,70,13,'4','1','5',0,1,0,'2021-03-29 18:18:03'),(726,6,70,13,'5','3','8',0,1,0,'2021-03-29 18:18:10'),(727,5,70,13,'10','6','16',0,1,0,'2021-03-29 18:18:28'),(728,9,70,13,'3','8','11',0,1,0,'2021-03-29 18:18:34'),(729,4,70,13,'5','4','1',0,1,0,'2021-03-29 18:19:50'),(730,5,70,13,'16','16','0',0,1,0,'2021-03-29 18:20:04'),(731,6,70,13,'8','5','3',0,1,0,'2021-03-29 18:20:14'),(732,7,70,13,'4','4','0',0,1,0,'2021-03-29 18:20:22'),(733,9,70,13,'11','8','3',0,1,0,'2021-03-29 18:20:30'),(734,11,70,13,'6','5','1',0,1,0,'2021-03-29 18:20:42'),(735,8,70,13,'5','5','0',0,1,0,'2021-03-29 18:20:49'),(736,10,70,13,'2','2','0',0,1,0,'2021-03-29 18:20:54'),(737,12,70,13,'44','31','13',0,1,0,'2021-03-29 18:21:20'),(738,12,70,13,'13','18','31',0,1,0,'2021-03-29 18:21:37'),(739,12,70,13,'31','5','36',0,1,0,'2021-03-29 18:22:03'),(740,1,70,13,'0','7','7',0,1,0,'2021-03-29 18:22:09'),(741,2,70,13,'0','7','7',0,1,0,'2021-03-29 18:22:12'),(742,4,70,13,'1','1','0',0,1,0,'2021-03-29 18:22:23'),(743,9,70,13,'3','1','2',0,1,0,'2021-03-29 18:22:28'),(744,1,70,13,'7','7','0',0,1,0,'2021-03-29 18:23:53'),(745,2,70,13,'7','7','0',0,1,0,'2021-03-29 18:23:57'),(746,12,70,13,'36','11','25',0,1,0,'2021-03-29 18:24:10'),(747,6,70,13,'3','2','1',0,1,0,'2021-03-29 18:24:19'),(748,11,70,13,'1','5','6',0,1,0,'2021-03-29 18:24:37'),(749,6,70,13,'1','6','7',0,1,0,'2021-03-29 18:24:43'),(750,9,70,13,'2','5','7',0,1,0,'2021-03-29 18:24:53'),(751,9,70,13,'7','2','5',0,1,0,'2021-03-29 18:25:13'),(752,12,70,13,'25','2','23',0,1,0,'2021-03-29 18:25:16'),(753,4,70,13,'0','5','5',0,1,0,'2021-03-29 18:25:39'),(754,5,70,13,'0','12','12',0,1,0,'2021-03-29 18:25:51'),(755,10,70,13,'0','11','11',0,1,0,'2021-03-29 18:25:59'),(756,8,70,13,'0','10','10',0,1,0,'2021-03-29 18:26:07'),(757,12,70,13,'23','1','22',0,1,0,'2021-03-29 18:26:25'),(758,8,70,13,'10','5','5',0,1,0,'2021-03-29 18:26:37'),(759,10,70,13,'11','5','6',0,1,0,'2021-03-29 18:26:44'),(760,5,70,13,'12','2','10',0,1,0,'2021-03-29 18:26:50'),(761,6,70,13,'7','1','6',0,1,0,'2021-03-29 18:30:45'),(762,4,70,13,'5','2','7',0,1,0,'2021-03-30 18:30:32'),(763,5,70,13,'10','2','12',0,1,0,'2021-03-30 18:30:35'),(764,9,70,13,'5','4','9',0,1,0,'2021-03-30 18:30:41'),(765,8,70,13,'5','4','9',0,1,0,'2021-03-30 18:30:45'),(766,10,70,13,'6','3','9',0,1,0,'2021-03-30 18:30:51'),(767,12,70,13,'22','26','48',0,1,0,'2021-03-30 18:30:58'),(768,4,70,13,'7','6','1',0,1,0,'2021-03-30 18:33:55'),(769,5,70,13,'12','11','1',0,1,0,'2021-03-30 18:34:04'),(770,6,70,13,'6','6','0',0,1,0,'2021-03-30 18:34:10'),(771,9,70,13,'9','7','2',0,1,0,'2021-03-30 18:34:15'),(772,11,70,13,'6','4','2',0,1,0,'2021-03-30 18:34:20'),(773,8,70,13,'9','6','3',0,1,0,'2021-03-30 18:34:27'),(774,10,70,13,'9','7','2',0,1,0,'2021-03-30 18:34:32'),(775,12,70,13,'48','37','11',0,1,0,'2021-03-30 18:34:38'),(776,1,70,13,'0','7','7',0,1,0,'2021-03-30 18:34:56'),(777,2,70,13,'0','7','7',0,1,0,'2021-03-30 18:34:59'),(778,3,70,13,'0','11','11',0,1,0,'2021-03-30 18:35:03'),(779,12,70,13,'11','9','20',0,1,0,'2021-03-30 18:35:09'),(780,8,70,13,'3','1','2',0,1,0,'2021-03-30 18:36:06'),(781,10,70,13,'2','1','1',0,1,0,'2021-03-30 18:36:10'),(782,12,70,13,'20','9','11',0,1,0,'2021-03-30 18:36:23'),(783,1,70,13,'7','7','0',0,1,0,'2021-03-30 18:36:28'),(784,2,70,13,'7','7','0',0,1,0,'2021-03-30 18:36:31'),(785,3,70,13,'11','11','0',0,1,0,'2021-03-30 18:36:36'),(786,4,70,13,'1','1','0',0,1,0,'2021-03-30 18:36:40'),(787,5,70,13,'1','1','0',0,1,0,'2021-03-30 18:36:44'),(788,9,70,13,'2','2','0',0,1,0,'2021-03-30 18:36:48'),(789,7,70,13,'0','12','12',0,1,0,'2021-03-30 18:37:03'),(790,9,70,13,'0','9','9',0,1,0,'2021-03-30 18:37:09'),(791,7,70,13,'12','5','7',0,1,0,'2021-03-30 18:38:29'),(792,9,70,13,'9','4','5',0,1,0,'2021-03-30 18:38:35'),(793,8,70,13,'2','2','0',0,1,0,'2021-03-30 18:38:38'),(794,10,70,13,'1','1','0',0,1,0,'2021-03-30 18:38:41'),(795,6,70,13,'0','10','10',0,1,0,'2021-03-30 18:39:18'),(796,10,70,13,'0','3','3',0,1,0,'2021-03-30 18:39:22'),(797,5,70,13,'0','14','14',0,1,0,'2021-03-30 18:39:31'),(798,4,70,13,'0','3','3',0,1,0,'2021-03-30 18:39:34'),(799,11,70,13,'2','3','5',0,1,0,'2021-03-30 18:39:40'),(800,8,70,13,'0','5','5',0,1,0,'2021-03-30 18:39:46'),(801,5,70,13,'14','6','8',0,1,0,'2021-03-30 18:40:04'),(802,6,70,13,'10','5','5',0,1,0,'2021-03-30 18:40:10'),(803,12,70,13,'11','2','9',0,1,0,'2021-03-30 18:40:14'),(804,7,70,13,'7','1','6',0,1,0,'2021-03-30 18:40:18'),(805,25,70,13,'0','99','99',0,1,0,'2021-03-30 20:37:13'),(806,29,70,13,'0','12','12',0,1,0,'2021-03-30 20:37:36'),(807,30,70,13,'0','12','12',0,1,0,'2021-03-30 20:37:42'),(808,31,70,13,'0','18','18',0,1,0,'2021-03-30 20:38:18'),(809,32,70,13,'0','6','6',0,1,0,'2021-03-30 20:38:23'),(810,33,70,13,'0','12','12',0,1,0,'2021-03-30 20:38:30'),(811,102,70,13,'0','12','12',0,1,0,'2021-03-30 20:38:42'),(812,103,70,13,'0','9','9',0,1,0,'2021-03-30 20:38:47'),(813,99,70,13,'0','15','15',0,1,0,'2021-03-30 20:39:25'),(814,100,70,13,'0','1','1',0,1,0,'2021-03-30 20:39:40'),(815,101,70,13,'0','2','2',0,1,0,'2021-03-30 20:39:45'),(816,4,70,13,'3','2','5',0,1,0,'2021-04-03 09:37:00'),(817,5,70,13,'8','8','0',0,1,0,'2021-04-03 09:37:16'),(818,7,70,13,'6','2','4',0,1,0,'2021-04-03 09:37:26'),(819,9,70,13,'5','5','0',0,1,0,'2021-04-03 09:37:31'),(820,11,70,13,'5','2','3',0,1,0,'2021-04-03 09:37:39'),(821,8,70,13,'5','1','4',0,1,0,'2021-04-03 09:37:43'),(822,10,70,13,'3','2','5',0,1,0,'2021-04-03 09:37:51'),(823,12,70,13,'9','6','3',0,1,0,'2021-04-03 09:38:12'),(824,99,70,13,'15','7','8',0,1,0,'2021-04-03 09:38:57'),(825,30,70,13,'12','36','48',0,1,0,'2021-04-03 09:39:55'),(826,31,70,13,'18','12','30',0,1,0,'2021-04-03 09:41:30'),(827,32,70,13,'6','24','30',0,1,0,'2021-04-03 09:41:46'),(828,33,70,13,'12','12','24',0,1,0,'2021-04-03 09:41:59'),(829,102,70,13,'12','9','21',0,1,0,'2021-04-03 09:42:12'),(830,100,70,13,'1','1','0',0,1,0,'2021-04-03 09:43:32'),(831,101,70,13,'2','2','0',0,1,0,'2021-04-03 09:43:35'),(832,25,70,13,'99','6','105',0,1,0,'2021-04-03 09:46:39'),(833,25,70,13,'105','400','505',0,1,0,'2021-04-03 15:09:55'),(834,12,70,13,'3','47','50',0,1,0,'2021-04-03 18:34:48'),(835,12,70,13,'50','6','56',0,1,0,'2021-04-03 18:34:54'),(836,5,70,13,'0','14','14',0,1,0,'2021-04-03 18:36:14'),(837,9,70,13,'0','16','16',0,1,0,'2021-04-03 18:36:20'),(838,8,70,13,'4','3','7',0,1,0,'2021-04-03 18:36:27'),(839,7,70,13,'4','4','8',0,1,0,'2021-04-03 18:36:36'),(840,10,70,13,'5','1','6',0,1,0,'2021-04-03 18:40:42'),(841,11,70,13,'3','5','8',0,1,0,'2021-04-03 18:40:51'),(842,1,70,13,'0','4','4',0,1,0,'2021-04-03 18:40:57'),(843,2,70,13,'0','6','6',0,1,0,'2021-04-03 18:41:07'),(844,3,70,13,'0','7','7',0,1,0,'2021-04-03 18:41:12'),(845,4,70,13,'5','5','0',0,1,0,'2021-04-03 18:42:31'),(846,5,70,13,'14','13','1',0,1,0,'2021-04-03 18:42:41'),(847,6,70,13,'5','5','0',0,1,0,'2021-04-03 18:44:59'),(848,7,70,13,'8','5','3',0,1,0,'2021-04-03 18:45:03'),(849,9,70,13,'16','12','4',0,1,0,'2021-04-03 18:45:11'),(850,11,70,13,'8','6','2',0,1,0,'2021-04-03 18:45:19'),(851,11,70,13,'2','1','1',0,1,0,'2021-04-03 18:45:36'),(852,8,70,13,'7','4','3',0,1,0,'2021-04-03 18:45:53'),(853,10,70,13,'6','6','0',0,1,0,'2021-04-03 18:45:59'),(854,12,70,13,'56','31','25',0,1,0,'2021-04-03 18:46:06'),(855,99,70,13,'8','4','4',0,1,0,'2021-04-03 18:46:15'),(856,102,70,13,'21','5','16',0,1,0,'2021-04-03 18:46:26'),(857,103,70,13,'9','4','5',0,1,0,'2021-04-03 18:46:33'),(858,25,70,13,'505','101','404',0,1,0,'2021-04-03 18:46:43'),(859,29,70,13,'12','12','0',0,1,0,'2021-04-03 18:47:23'),(860,31,70,13,'30','18','12',0,1,0,'2021-04-03 18:47:31'),(861,33,70,13,'24','18','6',0,1,0,'2021-04-03 18:47:38'),(862,30,70,13,'48','42','6',0,1,0,'2021-04-03 18:47:55'),(863,32,70,13,'30','6','24',0,1,0,'2021-04-03 18:48:00'),(864,5,70,13,'1','1','0',0,1,0,'2021-04-03 18:49:43'),(865,7,70,13,'3','2','1',0,1,0,'2021-04-03 18:49:47'),(866,8,70,13,'3','3','0',0,1,0,'2021-04-03 18:49:54'),(867,1,70,13,'4','4','0',0,1,0,'2021-04-03 18:50:00'),(868,2,70,13,'6','6','0',0,1,0,'2021-04-03 18:50:09'),(869,3,70,13,'7','6','1',0,1,0,'2021-04-03 18:50:14'),(870,25,70,13,'404','30','374',0,1,0,'2021-04-03 18:50:26'),(871,12,70,13,'25','11','14',0,1,0,'2021-04-03 18:50:34'),(872,5,70,13,'0','2','2',0,1,0,'2021-04-03 18:51:01'),(873,5,70,13,'2','10','12',0,1,0,'2021-04-03 18:51:08'),(874,4,70,13,'0','6','6',0,1,0,'2021-04-03 18:51:14'),(875,9,70,13,'4','3','7',0,1,0,'2021-04-03 18:51:20'),(876,6,70,13,'0','10','10',0,1,0,'2021-04-03 18:51:26'),(877,30,70,13,'6','240','246',0,1,0,'2021-04-03 18:51:56'),(878,29,70,13,'0','48','48',0,1,0,'2021-04-03 18:52:15'),(879,8,70,13,'0','7','7',0,1,0,'2021-04-03 18:52:23'),(880,99,70,13,'4','9','13',0,1,0,'2021-04-03 18:52:34'),(881,100,70,13,'0','3','3',0,1,0,'2021-04-03 18:52:42'),(882,101,70,13,'0','4','4',0,1,0,'2021-04-03 18:52:46'),(883,5,70,13,'12','2','10',0,1,0,'2021-04-03 18:53:34'),(884,6,70,13,'10','5','5',0,1,0,'2021-04-03 18:53:43'),(885,3,70,13,'1','1','0',0,1,0,'2021-04-03 18:53:47'),(886,7,70,13,'1','1','0',0,1,0,'2021-04-03 18:53:50'),(887,4,70,13,'6','1','5',0,1,0,'2021-04-03 18:53:55'),(888,12,70,13,'14','14','0',0,1,0,'2021-04-03 18:54:17'),(889,8,70,13,'7','2','5',0,1,0,'2021-04-03 18:54:23'),(890,4,70,13,'5','1','4',0,1,0,'2021-04-03 18:54:30'),(891,100,70,13,'3','1','2',0,1,0,'2021-04-03 18:55:35'),(892,30,70,13,'246','162','84',0,1,0,'2021-04-03 19:04:17'),(893,101,70,13,'4','1','3',0,1,0,'2021-04-03 19:04:32'),(894,99,70,13,'13','4','9',0,1,0,'2021-04-03 19:04:43'),(895,102,70,13,'16','3','13',0,1,0,'2021-04-03 19:04:51'),(896,32,70,13,'24','6','18',0,1,0,'2021-04-03 19:05:33'),(897,31,70,13,'12','6','6',0,1,0,'2021-04-03 19:05:40'),(898,25,70,13,'374','12','362',0,1,0,'2021-04-03 19:05:48'),(899,29,70,13,'48','18','30',0,1,0,'2021-04-03 19:05:55'),(900,103,70,13,'5','1','4',0,1,0,'2021-04-03 19:06:08'),(901,103,70,13,'4','8','12',0,1,0,'2021-04-03 19:06:25'),(902,99,70,13,'9','1','10',0,1,0,'2021-04-03 19:07:28'),(903,9,70,13,'7','1','6',0,1,0,'2021-04-03 19:15:06'),(904,11,70,13,'1','1','2',0,1,0,'2021-04-03 19:15:15'),(905,10,70,13,'0','5','5',0,1,0,'2021-04-03 19:15:26'),(906,10,70,13,'5','5','0',0,1,0,'2021-04-03 19:16:03'),(907,12,70,13,'0','5','5',0,1,0,'2021-04-03 19:16:09'),(908,29,70,13,'30','24','54',0,1,0,'2021-04-03 19:16:55'),(909,102,70,13,'13','1','14',0,1,0,'2021-04-03 19:17:14'),(910,4,70,13,'4','4','8',0,1,0,'2021-04-04 14:07:29'),(911,5,70,13,'10','2','12',0,1,0,'2021-04-04 14:07:35'),(912,9,70,13,'6','7','13',0,1,0,'2021-04-04 14:07:39'),(913,8,70,13,'5','7','12',0,1,0,'2021-04-04 14:07:44'),(914,12,70,13,'5','41','46',0,1,0,'2021-04-04 14:07:51'),(915,4,70,13,'8','4','4',0,1,0,'2021-04-04 14:08:15'),(916,5,70,13,'12','12','0',0,1,0,'2021-04-04 14:08:25'),(917,6,70,13,'5','4','1',0,1,0,'2021-04-04 14:08:31'),(918,9,70,13,'13','12','1',0,1,0,'2021-04-04 14:08:43'),(919,11,70,13,'2','2','0',0,1,0,'2021-04-04 14:08:50'),(920,8,70,13,'12','7','5',0,1,0,'2021-04-04 14:08:56'),(921,12,70,13,'46','25','21',0,1,0,'2021-04-04 14:09:04'),(922,102,70,13,'14','3','11',0,1,0,'2021-04-04 14:09:23'),(923,103,70,13,'12','4','8',0,1,0,'2021-04-04 14:09:26'),(924,99,70,13,'10','4','6',0,1,0,'2021-04-04 14:09:35'),(925,25,70,13,'362','142','220',0,1,0,'2021-04-04 14:09:50'),(926,29,70,13,'54','12','42',0,1,0,'2021-04-04 14:10:02'),(927,32,70,13,'18','12','6',0,1,0,'2021-04-04 14:10:08'),(928,33,70,13,'6','6','0',0,1,0,'2021-04-04 14:10:14'),(929,30,70,13,'84','24','60',0,1,0,'2021-04-04 14:10:20'),(930,1,70,13,'0','4','4',0,1,0,'2021-04-04 14:10:38'),(931,2,70,13,'0','6','6',0,1,0,'2021-04-04 14:10:42'),(932,3,70,13,'0','7','7',0,1,0,'2021-04-04 14:10:45'),(933,12,70,13,'21','12','33',0,1,0,'2021-04-04 14:10:51'),(934,12,70,13,'33','21','54',0,1,0,'2021-04-04 14:11:03'),(935,12,70,13,'54','21','33',0,1,0,'2021-04-04 14:12:44'),(936,12,70,13,'33','21','12',0,1,0,'2021-04-04 14:12:50'),(937,1,70,13,'4','4','0',0,1,0,'2021-04-04 14:12:56'),(938,2,70,13,'6','5','1',0,1,0,'2021-04-04 14:13:02'),(939,3,70,13,'7','7','0',0,1,0,'2021-04-04 14:13:10'),(940,29,70,13,'42','12','30',0,1,0,'2021-04-04 14:13:23'),(941,30,70,13,'60','6','54',0,1,0,'2021-04-04 14:13:34'),(942,31,70,13,'6','6','0',0,1,0,'2021-04-04 14:13:40'),(943,4,70,13,'4','1','3',0,1,0,'2021-04-04 14:13:48'),(944,9,70,13,'1','1','0',0,1,0,'2021-04-04 14:13:55'),(945,8,70,13,'5','1','4',0,1,0,'2021-04-04 14:13:58'),(946,102,70,13,'11','1','10',0,1,0,'2021-04-04 14:14:08'),(947,103,70,13,'8','2','6',0,1,0,'2021-04-04 14:14:12'),(948,25,70,13,'220','13','207',0,1,0,'2021-04-04 14:14:22'),(949,6,70,13,'1','1','0',0,1,0,'2021-04-04 14:14:32'),(950,10,70,13,'0','5','5',0,1,0,'2021-04-04 14:14:43'),(951,11,70,13,'0','5','5',0,1,0,'2021-04-04 14:14:47'),(952,7,70,13,'0','10','10',0,1,0,'2021-04-04 14:14:51'),(953,7,70,13,'10','10','0',0,1,0,'2021-04-04 14:15:06'),(954,11,70,13,'5','5','0',0,1,0,'2021-04-04 14:15:10'),(955,10,70,13,'5','5','0',0,1,0,'2021-04-04 14:15:14'),(956,99,70,13,'6','9','15',0,1,0,'2021-04-04 14:17:57'),(957,30,70,13,'54','168','222',0,1,0,'2021-04-04 14:18:08'),(958,31,70,13,'0','24','24',0,1,0,'2021-04-04 14:18:13'),(959,32,70,13,'6','6','12',0,1,0,'2021-04-04 14:18:16'),(960,33,70,13,'0','24','24',0,1,0,'2021-04-04 14:18:21'),(961,6,70,13,'0','3','3',0,1,0,'2021-04-04 15:32:06'),(962,9,70,13,'0','7','7',0,1,0,'2021-04-04 15:32:14'),(963,10,70,13,'0','9','9',0,1,0,'2021-04-04 15:32:21'),(964,7,70,13,'0','5','5',0,1,0,'2021-04-04 15:32:29'),(965,11,70,13,'0','6','6',0,1,0,'2021-04-04 15:32:35'),(966,5,70,13,'0','17','17',0,1,0,'2021-04-04 16:02:34'),(967,5,70,13,'17','7','10',0,1,0,'2021-04-04 16:37:14'),(968,6,70,13,'3','3','0',0,1,0,'2021-04-04 16:37:22'),(969,10,70,13,'9','5','4',0,1,0,'2021-04-04 16:37:31'),(970,2,70,13,'1','1','0',0,1,0,'2021-04-04 16:37:36'),(971,4,70,13,'3','2','1',0,1,0,'2021-04-04 16:37:40'),(972,11,70,13,'6','2','4',0,1,0,'2021-04-04 16:37:50'),(973,8,70,13,'4','1','3',0,1,0,'2021-04-04 16:37:53'),(974,99,70,13,'15','3','12',0,1,0,'2021-04-04 16:38:40'),(975,25,70,13,'207','9','198',0,1,0,'2021-04-04 16:38:58'),(976,102,70,13,'10','3','7',0,1,0,'2021-04-04 16:39:10'),(977,103,70,13,'6','2','4',0,1,0,'2021-04-04 16:39:14'),(978,32,70,13,'12','12','0',0,1,0,'2021-04-04 16:39:29'),(979,29,70,13,'30','6','24',0,1,0,'2021-04-04 16:39:39'),(980,33,70,13,'24','6','18',0,1,0,'2021-04-04 16:39:46'),(981,30,70,13,'222','102','120',0,1,0,'2021-04-04 16:40:20'),(982,102,70,13,'7','12','19',0,1,0,'2021-04-04 16:40:40'),(983,30,70,13,'120','54','66',0,1,0,'2021-04-04 16:48:00'),(984,30,70,13,'66','30','36',0,1,0,'2021-04-04 16:58:44'),(985,31,70,13,'24','6','18',0,1,0,'2021-04-04 16:59:00'),(986,103,70,13,'4','7','11',0,1,0,'2021-04-05 14:49:30'),(987,1,70,13,'0','7','7',0,1,0,'2021-04-05 14:49:40'),(988,2,70,13,'0','7','7',0,1,0,'2021-04-05 14:53:17'),(989,3,70,13,'0','11','11',0,1,0,'2021-04-05 14:53:22'),(990,5,70,13,'10','6','16',0,1,0,'2021-04-05 14:53:27'),(991,6,70,13,'0','3','3',0,1,0,'2021-04-05 14:53:32'),(992,7,70,13,'5','1','6',0,1,0,'2021-04-05 14:53:36'),(993,11,70,13,'4','6','10',0,1,0,'2021-04-05 14:53:41'),(994,10,70,13,'4','4','8',0,1,0,'2021-04-05 14:53:45'),(995,12,70,13,'12','53','65',0,1,0,'2021-04-05 14:53:49'),(996,5,70,13,'16','2','14',0,1,0,'2021-04-05 14:55:56'),(997,6,70,13,'3','2','1',0,1,0,'2021-04-05 14:56:24'),(998,7,70,13,'6','2','4',0,1,0,'2021-04-05 14:56:31'),(999,9,70,13,'7','2','5',0,1,0,'2021-04-05 14:56:38'),(1000,11,70,13,'10','1','9',0,1,0,'2021-04-05 14:56:45'),(1001,10,70,13,'8','1','7',0,1,0,'2021-04-05 14:56:52'),(1002,12,70,13,'65','7','58',0,1,0,'2021-04-05 14:56:59'),(1003,25,70,13,'198','27','171',0,1,0,'2021-04-05 14:57:16'),(1004,99,70,13,'12','1','11',0,1,0,'2021-04-05 14:57:34'),(1005,102,70,13,'19','2','17',0,1,0,'2021-04-05 14:57:47'),(1006,103,70,13,'11','2','9',0,1,0,'2021-04-05 14:57:49'),(1007,29,70,13,'24','6','18',0,1,0,'2021-04-05 14:58:00'),(1008,33,70,13,'18','6','12',0,1,0,'2021-04-05 14:59:08'),(1009,31,70,13,'18','6','12',0,1,0,'2021-04-05 14:59:11'),(1010,4,70,13,'1','1','0',0,1,0,'2021-04-05 14:59:29'),(1011,5,70,13,'14','4','10',0,1,0,'2021-04-05 14:59:34'),(1012,7,70,13,'4','1','3',0,1,0,'2021-04-05 15:00:18'),(1013,9,70,13,'5','2','3',0,1,0,'2021-04-05 15:00:26'),(1014,11,70,13,'9','2','7',0,1,0,'2021-04-05 15:00:29'),(1015,8,70,13,'3','2','1',0,1,0,'2021-04-05 15:00:36'),(1016,10,70,13,'7','1','6',0,1,0,'2021-04-05 15:00:39'),(1017,12,70,13,'58','14','44',0,1,0,'2021-04-05 15:00:44'),(1018,25,70,13,'171','43','128',0,1,0,'2021-04-05 15:00:59'),(1019,99,70,13,'11','2','9',0,1,0,'2021-04-05 15:01:22'),(1020,102,70,13,'17','1','16',0,1,0,'2021-04-05 15:01:28'),(1021,103,70,13,'9','1','8',0,1,0,'2021-04-05 15:01:31'),(1022,29,70,13,'18','6','12',0,1,0,'2021-04-05 15:01:39'),(1023,30,70,13,'36','24','12',0,1,0,'2021-04-05 15:01:53'),(1024,33,70,13,'12','6','6',0,1,0,'2021-04-05 15:02:00'),(1025,5,70,13,'10','2','8',0,1,0,'2021-04-05 15:02:20'),(1026,6,70,13,'1','1','0',0,1,0,'2021-04-05 15:02:23'),(1027,7,70,13,'3','1','2',0,1,0,'2021-04-05 15:02:27'),(1028,9,70,13,'3','1','2',0,1,0,'2021-04-05 15:02:30'),(1029,11,70,13,'7','1','6',0,1,0,'2021-04-05 15:02:33'),(1030,8,70,13,'1','1','0',0,1,0,'2021-04-05 15:02:37'),(1031,12,70,13,'44','5','39',0,1,0,'2021-04-05 15:02:46'),(1032,25,70,13,'128','27','101',0,1,0,'2021-04-05 15:03:00'),(1033,100,70,13,'2','1','1',0,1,0,'2021-04-05 15:03:12'),(1034,99,70,13,'9','1','8',0,1,0,'2021-04-05 15:03:16'),(1035,102,70,13,'16','1','15',0,1,0,'2021-04-05 15:03:24'),(1036,30,70,13,'12','12','0',0,1,0,'2021-04-05 15:03:30'),(1037,33,70,13,'6','6','0',0,1,0,'2021-04-05 15:03:34'),(1038,5,70,13,'8','2','6',0,1,0,'2021-04-05 15:03:52'),(1039,7,70,13,'2','1','1',0,1,0,'2021-04-05 15:03:55'),(1040,11,70,13,'6','1','5',0,1,0,'2021-04-05 15:03:59'),(1041,10,70,13,'6','1','5',0,1,0,'2021-04-05 15:04:03'),(1042,12,70,13,'39','6','33',0,1,0,'2021-04-05 15:04:39'),(1043,25,70,13,'101','15','86',0,1,0,'2021-04-05 15:04:49'),(1044,102,70,13,'15','1','14',0,1,0,'2021-04-05 15:04:57'),(1045,103,70,13,'8','1','7',0,1,0,'2021-04-05 15:04:59'),(1046,29,70,13,'12','6','6',0,1,0,'2021-04-05 15:05:06'),(1047,5,70,13,'6','2','4',0,1,0,'2021-04-05 15:06:04'),(1048,7,70,13,'1','1','0',0,1,0,'2021-04-05 15:06:27'),(1049,9,70,13,'2','2','0',0,1,0,'2021-04-05 15:06:45'),(1050,12,70,13,'33','7','26',0,1,0,'2021-04-05 15:06:59'),(1051,25,70,13,'86','17','69',0,1,0,'2021-04-05 15:07:06'),(1052,99,70,13,'8','1','7',0,1,0,'2021-04-05 15:07:18'),(1053,102,70,13,'14','1','13',0,1,0,'2021-04-05 15:07:24'),(1054,103,70,13,'7','1','6',0,1,0,'2021-04-05 15:07:26'),(1055,5,70,13,'4','4','0',0,1,0,'2021-04-05 15:07:54'),(1056,12,70,13,'26','9','17',0,1,0,'2021-04-05 15:08:03'),(1057,1,70,13,'7','7','0',0,1,0,'2021-04-05 15:08:15'),(1058,2,70,13,'7','7','0',0,1,0,'2021-04-05 15:08:24'),(1059,9,70,13,'0','12','12',0,1,0,'2021-04-05 15:11:44'),(1060,5,70,13,'0','6','6',0,1,0,'2021-04-05 15:11:50'),(1061,7,70,13,'0','8','8',0,1,0,'2021-04-05 15:11:57'),(1062,9,70,13,'12','6','6',0,1,0,'2021-04-05 15:12:08'),(1063,3,70,13,'11','11','0',0,1,0,'2021-04-05 15:12:54'),(1064,9,70,13,'6','2','4',0,1,0,'2021-04-05 15:19:07'),(1065,10,70,13,'5','2','3',0,1,0,'2021-04-05 15:19:14'),(1066,12,70,13,'17','1','16',0,1,0,'2021-04-05 15:19:16'),(1067,103,70,13,'6','1','5',0,1,0,'2021-04-05 15:19:29'),(1068,100,70,13,'1','4','5',0,1,0,'2021-04-05 15:19:57'),(1069,101,70,13,'3','4','7',0,1,0,'2021-04-05 15:20:08'),(1070,4,70,13,'0','10','10',0,1,0,'2021-04-05 18:29:42'),(1071,6,70,13,'0','11','11',0,1,0,'2021-04-05 18:29:46'),(1072,8,70,13,'0','14','14',0,1,0,'2021-04-05 18:29:52'),(1073,102,70,13,'13','12','25',0,1,0,'2021-04-05 18:30:09'),(1074,103,70,13,'5','6','11',0,1,0,'2021-04-05 18:30:14'),(1075,99,70,13,'7','9','16',0,1,0,'2021-04-05 18:30:22'),(1076,30,70,13,'0','228','228',0,1,0,'2021-04-05 18:32:45'),(1077,29,70,13,'6','24','30',0,1,0,'2021-04-05 18:33:09'),(1078,32,70,13,'0','36','36',0,1,0,'2021-04-05 18:33:21'),(1079,31,70,13,'12','12','24',0,1,0,'2021-04-05 18:33:29'),(1080,4,70,13,'10','7','3',0,1,0,'2021-04-05 18:35:19'),(1081,6,70,13,'11','7','4',0,1,0,'2021-04-05 18:35:32'),(1082,8,70,13,'14','9','5',0,1,0,'2021-04-05 18:35:37'),(1083,9,70,13,'4','2','2',0,1,0,'2021-04-05 18:35:43'),(1084,7,70,13,'8','3','5',0,1,0,'2021-04-05 18:35:48'),(1085,31,70,13,'24','6','18',0,1,0,'2021-04-05 18:36:00'),(1086,30,70,13,'228','162','66',0,1,0,'2021-04-05 18:36:40'),(1087,32,70,13,'36','18','18',0,1,0,'2021-04-05 18:36:48'),(1088,29,70,13,'30','12','18',0,1,0,'2021-04-05 18:36:53'),(1089,102,70,13,'25','3','22',0,1,0,'2021-04-05 18:37:03'),(1090,103,70,13,'11','3','8',0,1,0,'2021-04-05 18:37:07'),(1091,102,70,13,'22','1','21',0,1,0,'2021-04-05 18:37:19'),(1092,99,70,13,'16','2','14',0,1,0,'2021-04-05 18:37:35'),(1093,100,70,13,'5','1','4',0,1,0,'2021-04-05 18:37:41'),(1094,9,70,13,'2','5','7',0,1,0,'2021-04-06 14:34:47'),(1095,6,70,13,'4','5','9',0,1,0,'2021-04-06 14:34:52'),(1096,12,70,13,'16','40','56',0,1,0,'2021-04-06 14:34:55'),(1097,11,70,13,'5','2','7',0,1,0,'2021-04-06 14:34:59'),(1098,4,70,13,'3','3','0',0,1,0,'2021-04-06 14:35:20'),(1099,5,70,13,'6','6','0',0,1,0,'2021-04-06 14:35:29'),(1100,6,70,13,'9','5','4',0,1,0,'2021-04-06 14:35:37'),(1101,7,70,13,'5','3','2',0,1,0,'2021-04-06 14:35:46'),(1102,9,70,13,'7','7','0',0,1,0,'2021-04-06 14:35:52'),(1103,11,70,13,'7','7','0',0,1,0,'2021-04-06 14:35:57'),(1104,8,70,13,'5','5','0',0,1,0,'2021-04-06 14:36:03'),(1105,10,70,13,'3','3','0',0,1,0,'2021-04-06 14:36:08'),(1106,12,70,13,'56','35','21',0,1,0,'2021-04-06 14:36:13'),(1107,100,70,13,'4','3','1',0,1,0,'2021-04-06 14:36:21'),(1108,101,70,13,'7','3','4',0,1,0,'2021-04-06 14:36:24'),(1109,99,70,13,'14','5','9',0,1,0,'2021-04-06 14:36:32'),(1110,102,70,13,'21','6','15',0,1,0,'2021-04-06 14:36:45'),(1111,103,70,13,'8','4','4',0,1,0,'2021-04-06 14:37:10'),(1112,30,70,13,'66','36','30',0,1,0,'2021-04-06 14:37:48'),(1113,31,70,13,'18','12','6',0,1,0,'2021-04-06 14:38:02'),(1114,32,70,13,'18','18','0',0,1,0,'2021-04-06 14:38:11'),(1115,29,70,13,'18','18','0',0,1,0,'2021-04-06 14:38:35'),(1116,99,70,13,'9','9','18',0,1,0,'2021-04-06 14:38:57'),(1117,1,70,13,'0','7','7',0,1,0,'2021-04-06 14:39:04'),(1118,2,70,13,'0','7','7',0,1,0,'2021-04-06 14:39:07'),(1119,3,70,13,'0','7','7',0,1,0,'2021-04-06 14:39:09'),(1120,12,70,13,'21','12','33',0,1,0,'2021-04-06 14:39:17'),(1121,7,70,13,'2','5','7',0,1,0,'2021-04-06 14:39:22'),(1122,25,70,13,'69','400','469',0,1,0,'2021-04-06 14:39:36'),(1123,6,70,13,'4','2','2',0,1,0,'2021-04-06 14:39:53'),(1124,1,70,13,'7','7','0',0,1,0,'2021-04-06 14:39:58'),(1125,2,70,13,'7','7','0',0,1,0,'2021-04-06 14:40:02'),(1126,3,70,13,'7','7','0',0,1,0,'2021-04-06 14:40:05'),(1127,25,70,13,'469','91','378',0,1,0,'2021-04-06 14:40:20'),(1128,25,70,13,'378','61','317',0,1,0,'2021-04-06 14:40:27'),(1129,12,70,13,'33','2','31',0,1,0,'2021-04-06 14:40:35'),(1130,99,70,13,'18','1','17',0,1,0,'2021-04-06 14:40:40'),(1131,103,70,13,'4','1','3',0,1,0,'2021-04-06 14:41:07'),(1132,12,70,13,'31','5','26',0,1,0,'2021-04-06 14:43:33'),(1133,30,70,13,'30','30','0',0,1,0,'2021-04-06 14:44:04'),(1134,29,70,13,'0','48','48',0,1,0,'2021-04-06 16:41:29'),(1135,30,70,13,'0','180','180',0,1,0,'2021-04-06 16:41:46'),(1136,33,70,13,'0','24','24',0,1,0,'2021-04-06 16:42:01'),(1137,32,70,13,'0','12','12',0,1,0,'2021-04-06 16:42:11'),(1138,31,70,13,'6','12','18',0,1,0,'2021-04-06 16:42:15'),(1139,103,70,13,'3','6','9',0,1,0,'2021-04-06 16:42:21'),(1140,5,70,13,'0','20','20',0,1,0,'2021-04-06 16:42:31'),(1141,9,70,13,'0','10','10',0,1,0,'2021-04-06 16:42:41'),(1142,10,70,13,'0','11','11',0,1,0,'2021-04-06 16:42:49'),(1143,8,70,13,'0','8','8',0,1,0,'2021-04-06 16:42:58'),(1144,4,70,13,'0','6','6',0,1,0,'2021-04-06 16:43:42'),(1145,4,70,13,'6','3','3',0,1,0,'2021-04-06 16:43:58'),(1146,5,70,13,'20','10','10',0,1,0,'2021-04-06 16:44:03'),(1147,8,70,13,'8','2','6',0,1,0,'2021-04-06 16:44:13'),(1148,10,70,13,'11','6','5',0,1,0,'2021-04-06 16:44:21'),(1149,9,70,13,'10','6','4',0,1,0,'2021-04-06 16:44:25'),(1150,12,70,13,'26','4','22',0,1,0,'2021-04-06 16:44:32'),(1151,99,70,13,'17','2','15',0,1,0,'2021-04-06 16:44:41'),(1152,29,70,13,'48','30','18',0,1,0,'2021-04-06 16:44:55'),(1153,30,70,13,'180','174','6',0,1,0,'2021-04-06 16:46:17'),(1154,33,70,13,'24','12','12',0,1,0,'2021-04-06 16:48:09'),(1155,32,70,13,'12','6','6',0,1,0,'2021-04-06 16:48:15'),(1156,31,70,13,'18','6','12',0,1,0,'2021-04-06 16:48:22'),(1157,102,70,13,'15','2','13',0,1,0,'2021-04-06 16:48:28'),(1158,103,70,13,'9','1','8',0,1,0,'2021-04-06 16:48:32'),(1159,25,70,13,'317','10','307',0,1,0,'2021-04-06 16:49:37'),(1160,5,70,13,'10','1','9',0,1,0,'2021-04-06 18:16:51'),(1161,1,70,7,'12','3','15',0,1,0,'2021-04-13 21:02:25'),(1162,2,70,7,'0','4','4',0,1,0,'2021-04-13 21:02:39'),(1163,2,70,7,'4','6','10',0,1,0,'2021-04-13 21:02:46'),(1164,2,70,7,'10','3','13',0,1,0,'2021-04-13 21:02:53'),(1165,2,70,7,'13','5','18',0,1,0,'2021-04-13 21:02:59'),(1166,2,70,7,'18','3','21',0,1,0,'2021-04-13 21:03:48'),(1167,2,70,7,'21','3','24',0,1,0,'2021-04-13 21:04:40'),(1168,1,70,7,'15','5','20',0,1,0,'2021-04-13 21:06:14'),(1169,1,70,7,'20','3','23',0,1,0,'2021-04-13 21:06:21'),(1170,1,70,7,'23','5','28',0,1,0,'2021-04-13 21:06:28'),(1171,1,70,7,'28','2','30',0,1,0,'2021-04-13 21:06:53'),(1172,1,70,7,'30','4','34',0,1,0,'2021-04-13 21:07:03'),(1173,1,70,7,'34','3','37',0,1,0,'2021-04-13 21:07:10'),(1174,1,70,7,'37','1','38',0,1,0,'2021-04-13 21:07:18'),(1175,1,70,7,'38','5','43',0,1,0,'2021-04-13 21:07:30');

/*Table structure for table `orders` */

DROP TABLE IF EXISTS `orders`;

CREATE TABLE `orders` (
  `id` bigint(10) NOT NULL AUTO_INCREMENT,
  `customerId` bigint(10) DEFAULT NULL,
  `items` text CHARACTER SET utf8mb4 COLLATE utf8mb4_vietnamese_ci,
  `total` decimal(10,2) DEFAULT NULL,
  `note` text CHARACTER SET utf8mb4 COLLATE utf8mb4_vietnamese_ci,
  `status` tinyint(1) DEFAULT '1',
  `delete` tinyint(1) DEFAULT '0',
  `created` datetime DEFAULT NULL,
  PRIMARY KEY (`id`)
) ENGINE=MyISAM DEFAULT CHARSET=utf8mb4 COLLATE=utf8mb4_unicode_ci;

/*Data for the table `orders` */

/*Table structure for table `products` */

DROP TABLE IF EXISTS `products`;

CREATE TABLE `products` (
  `id` bigint(11) NOT NULL AUTO_INCREMENT,
  `name` varchar(250) COLLATE utf8mb4_unicode_ci DEFAULT NULL,
  `code` varchar(250) COLLATE utf8mb4_unicode_ci DEFAULT NULL,
  `order` decimal(10,0) DEFAULT NULL,
  `slug` varchar(250) COLLATE utf8mb4_unicode_ci DEFAULT NULL,
  `image` text COLLATE utf8mb4_unicode_ci,
  `type` bigint(11) DEFAULT NULL,
  `unit` varchar(50) COLLATE utf8mb4_unicode_ci DEFAULT NULL,
  `description` text COLLATE utf8mb4_unicode_ci,
  `price` text COLLATE utf8mb4_unicode_ci,
  `quote` decimal(10,0) DEFAULT NULL,
  `viewAll` tinyint(1) DEFAULT '0',
  `cancel` tinyint(1) DEFAULT '0',
  `useStore` text COLLATE utf8mb4_unicode_ci,
  `status` tinyint(1) DEFAULT '1',
  `delete` tinyint(1) DEFAULT '0',
  `created` datetime DEFAULT NULL,
  PRIMARY KEY (`id`)
) ENGINE=MyISAM AUTO_INCREMENT=106 DEFAULT CHARSET=utf8mb4 COLLATE=utf8mb4_unicode_ci;

/*Data for the table `products` */

insert  into `products`(`id`,`name`,`code`,`order`,`slug`,`image`,`type`,`unit`,`description`,`price`,`quote`,`viewAll`,`cancel`,`useStore`,`status`,`delete`,`created`) values (1,'Hng tr','','599','hong-tra','',47,'Gram','Hng tr','',NULL,0,0,'70,75,76,74,73,72',1,0,'2021-03-13 17:39:25'),(2,'Lc tr','','598','luc-tra','',47,'Gram','Lc tr','',NULL,0,0,'70,75,76,74,73,72',1,0,'2021-03-13 17:41:19'),(3,'Olong','','597','olong','',47,'Gram','Olong','',NULL,0,0,'70,75,76,74,73,72',1,0,'2021-03-13 17:42:28'),(4,'Thi chanh','','596','thai-chanh','',47,'Bch','','',NULL,0,0,'70,75,76,74,73,72',1,0,'2021-03-13 17:47:18'),(5,'Tr o','','595','tra-dao','',47,'Bch','Tr o','',NULL,0,0,'70,75,76,74,73,72',1,0,'2021-03-13 17:47:31'),(6,'Khoai mn','','594','khoai-mon','',47,'Bch','Khoai mn','',NULL,0,0,'70,75,76,74,73,72',1,0,'2021-03-13 17:47:44'),(7,'HTS','','593','hts','',47,'Bch','HTS','',NULL,0,0,'70,75,76,74,73,72',1,0,'2021-03-13 17:48:03'),(8,'Matcha','','590','matcha','',47,'Bch','Matcha','',NULL,0,0,'70,72,73,76,74,75',1,0,'2021-03-13 17:48:20'),(9,'TSTX','','592','tstx','',47,'Bch','TSTX','',NULL,0,0,'70,72,73,76,74,75',1,0,'2021-03-13 17:48:31'),(10,'TSOL','','589','tsol','',47,'Bch','TSOL','',NULL,0,0,'70,72,73,76,74,75',1,0,'2021-03-13 17:48:42'),(11,'Hokai','','591','hokai','',47,'Bch','Hokai','',NULL,0,0,'70,72,73,76,74,75',1,0,'2021-03-13 17:50:18'),(12,'TSTT','','588','tstt','',47,'Bch','TSTT','',NULL,0,0,'70,72,73,76,74,75',1,0,'2021-03-13 17:50:30'),(13,'en 1','','499','den-1','',48,'Gram','en 1','',NULL,1,0,'70,72,73,76,74,75',1,0,'2021-03-13 17:51:09'),(14,'en 2','','498','den-2','',48,'Gram','en 2','',NULL,1,0,'70,72,73,76,74,75',1,0,'2021-03-13 17:51:22'),(15,'en 3','','497','den-3','',48,'Gram','en 3','',NULL,1,0,'70,72,73,76,74,75',1,0,'2021-03-13 17:51:33'),(16,'Trng 1','','493','trang-1','',48,'Gram','Trng 1','',NULL,1,0,'70,72,73,76,74,75',1,0,'2021-03-13 17:51:44'),(17,'Trng 2','','492','trang-2','',48,'Gram','Trng 2','',NULL,1,0,'70,72,73,76,74,75',1,0,'2021-03-13 17:51:52'),(18,'Trng 3','','491','trang-3','',48,'Gram','Trng 3','',NULL,1,0,'70,72,73,76,74,75',1,0,'2021-03-13 17:52:03'),(19,'TCDD 1','','496','tcdd-1','',48,'Gram','TCDD 1','',NULL,1,0,'70,72,73,76,74,75',1,0,'2021-03-13 17:52:16'),(20,'TCDD 2','','495','tcdd-2','',48,'Gram','TCDD 2','',NULL,1,0,'70,72,73,76,74,75',1,0,'2021-03-13 17:52:28'),(21,'TCDD 3','','494','tcdd-3','',48,'Gram','TCDD 3','',NULL,1,0,'70,72,73,76,74,75',1,0,'2021-03-13 17:52:42'),(22,'Sa Hp','','489','sua-hop','',81,'Hp','Sa ti L','',NULL,0,0,'70,72,73,76,74,75',1,0,'2021-03-13 17:56:42'),(23,'Nc g en','','486','nc-dg-den','',81,'Bch','Nc g en','',NULL,0,0,'70,72,73,76,74,75',1,0,'2021-03-13 17:57:16'),(24,'CaCao','','483','cacao','',81,'Gram','CaCao','',NULL,0,0,'70,72,73,76,74,75',1,0,'2021-03-13 17:57:39'),(25,'Milo gi','','482','milo-goi','',81,'Gi','Milo gi','',NULL,0,0,'70,72,73,76,74,75',1,0,'2021-03-13 17:58:01'),(26,'Sa Lon','','487','sua-lon','',81,'Lon','Sa lon','',NULL,0,0,'70,72,73,76,74,75',1,0,'2021-03-13 17:58:18'),(27,' Mi','','480','da-mi','',81,'Bao',' ts','',NULL,0,0,'70,72,73,76,74,75',1,0,'2021-03-13 17:58:51'),(28,' Bo','','479','da-bao','',81,'Bao',' bo','',NULL,0,0,'70,72,73,76,74,75',1,0,'2021-03-13 17:59:01'),(29,'Pd s','','476','pd-so','',49,'Ci','Pd s','',NULL,0,0,'70,72,73,76,74,75',1,0,'2021-03-13 17:59:14'),(30,'Pd Trng','','475','pd-trung','',49,'Ci','Pd trng','',NULL,0,0,'70,72,73,76,74,75',1,0,'2021-03-13 17:59:24'),(31,'Pd Khoai Mn','','474','pd-khoai-mon','',49,'Ci','Pd khoai mn','',NULL,0,0,'70,72,73,76,74,75',1,0,'2021-03-13 17:59:36'),(32,'Pd Da Li','','473','pd-dua-luoi','',49,'Ci','Pd da li','',NULL,0,0,'70,72,73,76,74,75',1,0,'2021-03-13 17:59:52'),(33,'Pd Du','','472','pd-dau','',49,'Ci','Pd du','',NULL,0,0,'70,72,73,76,74,75',1,0,'2021-03-13 18:00:04'),(34,'o lon','','469','dao-lon','',49,'Lon','o lon','',NULL,0,0,'70,72,73,76,74,75',1,0,'2021-03-13 18:00:22'),(35,'Ht Thy Tinh','','468','hat-thuy-tinh','',49,'Gram','Ht thy tinh','',NULL,0,0,'70,72,73,76,74,75',1,0,'2021-03-13 18:00:37'),(36,'Da Si','','467','dua-soi','',49,'Gram','Da si','',NULL,0,0,'70,72,73,76,74,75',1,0,'2021-03-13 18:00:49'),(37,'3Q Ngc Trai','','466','3q-ngoc-trai','',49,'Gram','3q ngc trai','',NULL,0,0,'70,72,73,76,74,75',1,0,'2021-03-13 18:01:02'),(38,'3Q Caramen','','465','3q-caramen','',49,'Gram','3q caramen','',NULL,0,0,'70,72,73,76,74,75',1,0,'2021-03-13 18:01:30'),(39,'u ','','464','dau-do','',49,'Gram','u ','',NULL,0,0,'70,72,73,76,74,75',1,0,'2021-03-13 18:01:41'),(40,'Nha am','','463','nha-dam','',49,'Gram','Nha dam','',NULL,0,0,'70,72,73,76,74,75',1,0,'2021-03-13 18:01:55'),(41,'Khc Bch M','','461','khuc-bach-m','',49,'Phn','Khc bch','',NULL,0,0,'70,72,73,76,74,75',1,0,'2021-03-13 18:42:12'),(42,'Yaourt','','459','yaourt','',49,'H','Yaourt','',NULL,0,0,'70,72,73,76,74,75',1,0,'2021-03-13 18:42:33'),(43,'7up','','481','7up','',81,'Chai','Yaourt','',NULL,0,0,'70,72,73,76,74,75',1,0,'2021-03-13 18:42:45'),(44,'Mt Du ST','','419','mut-dau-st','',50,'H','Mt Du ST','',NULL,0,0,'70,75,76,74,73,72',1,0,'2021-03-13 18:43:15'),(45,'Mt Du Yaourt','','419','mut-dau-yaourt','',50,'H','Mt Du Yaourt','',NULL,0,0,'70,75,76,74,73,72',1,0,'2021-03-13 18:43:40'),(46,'Mt CN','','419','mut-cnd','',50,'H','Mt CN','',NULL,0,0,'70,75,76,74,73,72',1,0,'2021-03-13 18:43:47'),(47,'Mt Xoi Da','','419','mut-xoai-dua','',50,'H','Mt Xoi Da','',NULL,0,0,'70,75,76,74,73,72',1,0,'2021-03-13 18:43:56'),(48,'Mt Vit Qut','','419','mut-viet-quat','',50,'H','Mt Vit Qut','',NULL,0,0,'70,75,76,74,73,72',1,0,'2021-03-13 18:44:02'),(49,'Mt PBT','','419','mut-pbt','',50,'H','Mt PBT','',NULL,0,0,'70,75,76,74,73,72',1,0,'2021-03-13 18:44:21'),(50,'Siro v cam','','419','siro-vo-cam','',50,'Bnh','Siro v cam','',NULL,0,0,'70,75,76,74,73,72',1,0,'2021-03-13 18:44:35'),(51,'Siro o','','419','siro-dao','',50,'Bnh','Siro o','',NULL,0,0,'70,75,76,74,73,72',1,0,'2021-03-13 18:44:45'),(52,'Siro Ht d','','419','siro-hat-de','',50,'Bnh','Siro Ht d','',NULL,0,0,'70,75,76,74,73,72',1,0,'2021-03-13 18:44:53'),(53,'Siro Kiwi','','419','siro-kiwi','',50,'Bnh','Siro Kiwi','',NULL,0,0,'70,75,76,74,73,72',1,0,'2021-03-13 18:45:02'),(54,'Siro PBT','','419','siro-pbt','',50,'Bnh','Siro PBT','',NULL,0,0,'70,75,76,74,73,72',1,0,'2021-03-13 18:45:17'),(55,'Siro Da Li','','419','siro-dua-luoi','',50,'Bnh','Siro Da Li','',NULL,0,0,'70,75,76,74,73,72',1,0,'2021-03-13 18:45:24'),(56,'Siro Sm Da','','419','siro-sam-dua','',50,'Bnh','Siro Sm Da','',NULL,0,0,'70,75,76,74,73,72',1,0,'2021-03-13 18:45:34'),(57,'Siro Chanh','','416','siro-chanh','',50,'Bnh','Siro Chanh','',NULL,0,0,'70,75,76,74,73,72',1,0,'2021-03-13 18:46:21'),(58,'Siro Chanh Dy','','416','siro-chanh-day','',50,'Bnh','Siro Chanh Dy','',NULL,0,0,'70,75,76,74,73,72',1,0,'2021-03-13 18:46:30'),(59,'Siro To','','416','siro-tao','',50,'Bnh','Siro To','',NULL,0,0,'70,75,76,74,73,72',1,0,'2021-03-13 18:46:44'),(60,'Siro VANI','','416','siro-vani','',50,'Bnh','Siro VANI','',NULL,0,0,'70,75,76,74,73,72',1,0,'2021-03-13 18:46:58'),(61,'Siro Vi','','416','siro-vai','',50,'Bnh','Siro Vi','',NULL,0,0,'70,75,76,74,73,72',1,0,'2021-03-13 18:47:13'),(62,'Siro Xoi','','416','siro-xoai','',50,'Bnh','Siro Xoi','',NULL,0,0,'70,75,76,74,73,72',1,0,'2021-03-13 18:47:29'),(63,'Siro Vit Qut','','416','siro-viet-quat','',50,'Bnh','Siro Vit Qut','',NULL,0,0,'70,75,76,74,73,72',1,0,'2021-03-13 18:47:39'),(64,'Siro i','','416','siro-oi','',50,'Bnh','Siro i','',NULL,0,0,'70,75,76,74,73,72',1,0,'2021-03-13 18:47:51'),(65,'Siro Nho','','416','siro-nho','',50,'Bnh','Siro Nho','',NULL,0,0,'70,75,76,74,73,72',1,0,'2021-03-13 18:59:45'),(66,'Siro Du','','416','siro-dau','',50,'Bnh','Siro Du','',NULL,0,0,'70,75,76,74,73,72',1,0,'2021-03-13 18:59:56'),(67,'Siro Caramen','','416','siro-caramen','',50,'Bnh','Siro Caramen','',NULL,0,0,'70,75,76,74,73,72',1,0,'2021-03-13 19:00:02'),(68,'Siro Bc h','','416','siro-bac-ha','',50,'Bnh','Siro Bc h','',NULL,0,0,'70,75,76,74,73,72',1,0,'2021-03-13 19:00:10'),(69,'Mung','','457','muong','',82,'Bch','Mung','',NULL,0,0,'70,72,73,76,74,75',1,0,'2021-03-13 19:00:34'),(70,'B 1 ly','','456','bi-1-ly','',82,'Kg','B 1 ly','',NULL,0,0,'70,72,73,76,74,75',1,0,'2021-03-13 19:00:50'),(71,'B 2 ly','','455','bi-2-ly','',82,'Kg','B 2 ly','',NULL,0,0,'70,72,73,76,74,75',1,0,'2021-03-13 19:00:56'),(72,'B 3 ly','','454','bi-3-ly','',51,'Kg','B 3 ly','',NULL,0,0,'70,72,73,76,74,75',1,0,'2021-03-13 19:01:04'),(73,'ng Ht Ln','','453','ong-hut-lon','',82,'Bch','ng ht ln','',NULL,0,0,'70,72,73,76,74,75',1,0,'2021-03-13 19:01:20'),(74,'ng Ht Nh','','452','ong-hut-nho','',51,'Bch','ng ht nh','',NULL,0,0,'70,72,73,76,74,75',1,0,'2021-03-13 19:01:32'),(75,'M Mm','','451','m-mem','',82,'Ly','M mm','',NULL,0,0,'70,72,73,76,74,75',1,0,'2021-03-13 19:01:48'),(76,'L mm','','450','l-mem','',82,'Ly','L mm','',NULL,0,0,'70,72,73,76,74,75',1,0,'2021-03-13 19:02:04'),(77,'M Chu','','449','m-chau','',82,'Ly','M chu','',NULL,0,0,'70,72,73,76,74,75',1,0,'2021-03-13 19:02:15'),(78,'L Chu','','448','l-chau','',82,'Ly','L chu','',NULL,0,0,'70,72,73,76,74,75',1,0,'2021-03-13 19:02:28'),(79,'M Cng','','447','m-cung','',82,'Ly','M cng','',NULL,0,0,'70,72,73,76,74,75',1,0,'2021-03-13 19:02:37'),(80,'L Cng','','446','l-cung','',82,'Ly','L cng','',NULL,0,0,'70,72,73,76,74,75',1,0,'2021-03-13 19:02:45'),(81,'XL','','445','xl','',82,'Ci','XL','',NULL,0,0,'70,72,73,76,74,75',1,0,'2021-03-13 19:02:55'),(82,'Np XL','','444','nap-xl','',82,'Ci','Np XL','',NULL,0,0,'70,72,73,76,74,75',1,0,'2021-03-13 19:03:13'),(83,'Np Ly Kem','','443','nap-ly-kem','',82,'Ci','Np ly kem','',NULL,0,0,'70,72,73,76,74,75',1,0,'2021-03-13 19:03:23'),(84,'Np Cu','','442','nap-cau','',82,'Ci','Np cu','',NULL,0,0,'70,72,73,76,74,75',1,0,'2021-03-13 19:03:32'),(85,'Np Cp in','','441','nap-cup-dien','',82,'Ci','Np cp in','',NULL,0,0,'70,72,73,76,74,75',1,0,'2021-03-13 19:04:26'),(86,'In Bill','','440','in-bill','',82,'Cun','In bill','',NULL,0,0,'70,72,73,76,74,75',1,0,'2021-03-13 19:04:43'),(87,'in Sticker','','439','in-sticker','',82,'Cun','Ticker','',NULL,0,0,'70,72,73,76,74,75',1,0,'2021-03-13 19:04:52'),(88,'Cun Dp Ly M, L','','438','cuon-dap-ly-m-l','',82,'Cun','Cun dp ly M, L','',NULL,0,0,'70,72,73,76,74,75',1,0,'2021-03-13 19:05:18'),(89,'Cun Dp Ly XL','','437','cuon-dap-ly-xl','',82,'Cun','Cun dp ly XL','',NULL,0,0,'70,72,73,76,74,75',1,0,'2021-03-13 19:05:33'),(90,'Bao Tay Nilong','','436','bao-tay-nilong','',85,'Ci','Bao tay nilong','',NULL,0,0,'70,72,73,76,74,75',1,0,'2021-03-13 19:05:41'),(91,'Vim','','400','vim','',51,'Chai','Vim','',NULL,0,0,'70,75,76,74,73,72',1,0,'2021-03-13 19:05:49'),(92,'Xt phng','','400','xit-phong','',51,'Chai','Xt phng','',NULL,0,0,'70,75,76,74,73,72',1,0,'2021-03-13 19:06:01'),(93,'Xt knh','','400','xit-kinh','',51,'Chai','Xt knh','',NULL,0,0,'70,75,76,74,73,72',1,0,'2021-03-13 19:06:08'),(94,'Cafe','','490','cafe','',81,'Gram','','',NULL,0,0,'70,72,73,76,74,75',1,0,'2021-03-24 22:55:24'),(95,'Sa Bch','','488','sua-bich','',81,'Bch','','',NULL,0,0,'70,72,73,76,74,75',1,0,'2021-03-24 22:57:32'),(96,'Nc g Trng','','485','nc-dg-trang','',81,'Gram','','',NULL,0,0,'70,72,73,76,74,75',1,0,'2021-03-24 23:01:16'),(97,'Chanh Tri','','484','chanh-trai','',81,'Gram','','',NULL,0,0,'70,72,73,76,74,75',1,0,'2021-03-24 23:02:29'),(99,'Socola Chai','','481','socola-chai','',81,'Chai','','',NULL,0,0,'70,72,73,76,74,75',1,0,'2021-03-24 23:10:43'),(100,'Macchiato','','478','macchiato','',49,'Gram','','',NULL,0,0,'70,72,73,76,74,75',1,0,'2021-03-24 23:15:50'),(101,'CreamChesse','','477','creamchesse','',49,'Gram','','',NULL,0,0,'70,72,73,76,74,75',1,0,'2021-03-24 23:16:43'),(102,'T Fomai','','471','t-fomai','',49,'Bch','','',NULL,0,0,'70,72,73,76,74,75',1,0,'2021-03-24 23:22:42'),(103,'TTC','','470','ttc','',49,'Bch','','',NULL,0,0,'70,72,73,76,74,75',1,0,'2021-03-24 23:39:20'),(104,'Sng So','','462','suong-sao','',49,'Gram','','',NULL,0,0,'70,72,73,76,74,75',1,0,'2021-03-24 23:46:06'),(105,'Khc Bch S','','460','khuc-bach-s','',49,'Phn','','',NULL,0,0,'70,72,73,76,74,75',1,0,'2021-03-24 23:50:40');

/*Table structure for table `quote` */

DROP TABLE IF EXISTS `quote`;

CREATE TABLE `quote` (
  `id` bigint(10) NOT NULL AUTO_INCREMENT,
  `productId` bigint(10) DEFAULT NULL,
  `storeId` bigint(10) DEFAULT NULL,
  `value` decimal(10,0) DEFAULT NULL,
  `valueMin` decimal(10,0) DEFAULT '0',
  `status` tinyint(10) DEFAULT '1',
  `delete` tinyint(10) DEFAULT '0',
  `created` datetime DEFAULT NULL,
  `updated` datetime DEFAULT NULL,
  PRIMARY KEY (`id`)
) ENGINE=MyISAM AUTO_INCREMENT=559 DEFAULT CHARSET=utf8mb4 COLLATE=utf8mb4_unicode_ci;

/*Data for the table `quote` */

insert  into `quote`(`id`,`productId`,`storeId`,`value`,`valueMin`,`status`,`delete`,`created`,`updated`) values (1,1,70,'0','0',1,0,'2021-03-13 17:39:25','2021-03-15 00:33:56'),(2,2,70,'0','0',1,0,'2021-03-13 17:41:19','2021-03-15 00:33:56'),(3,3,70,'0','0',1,0,'2021-03-13 17:42:28','2021-03-15 00:33:56'),(4,4,70,'5','0',1,0,'2021-03-13 17:47:18','2021-03-15 00:33:56'),(5,5,70,'10','0',1,0,'2021-03-13 17:47:31','2021-03-15 00:33:56'),(6,6,70,'5','0',1,0,'2021-03-13 17:47:44','2021-03-15 00:33:56'),(7,7,70,'5','0',1,0,'2021-03-13 17:48:03','2021-03-15 00:33:56'),(8,8,70,'5','0',1,0,'2021-03-13 17:48:20','2021-03-15 00:33:56'),(9,9,70,'5','0',1,0,'2021-03-13 17:48:31','2021-03-15 00:33:56'),(10,10,70,'5','0',1,0,'2021-03-13 17:48:42','2021-03-15 00:33:56'),(11,11,70,'5','0',1,0,'2021-03-13 17:50:18','2021-03-15 00:33:56'),(12,12,70,'20','0',1,0,'2021-03-13 17:50:30','2021-03-15 00:33:56'),(13,13,70,'0','0',1,0,'2021-03-13 17:51:09','2021-03-18 23:12:38'),(14,14,70,'0','0',1,0,'2021-03-13 17:51:22','2021-03-18 23:12:55'),(15,15,70,'0','0',1,0,'2021-03-13 17:51:33','2021-03-18 23:13:03'),(16,16,70,'0','0',1,0,'2021-03-13 17:51:44','2021-03-18 23:13:47'),(17,17,70,'0','0',1,0,'2021-03-13 17:51:52','2021-03-18 23:13:56'),(18,18,70,'0','0',1,0,'2021-03-13 17:52:03','2021-03-18 23:14:14'),(19,19,70,'0','0',1,0,'2021-03-13 17:52:16','2021-03-18 23:13:13'),(20,20,70,'0','0',1,0,'2021-03-13 17:52:28','2021-03-18 23:13:25'),(21,21,70,'0','0',1,0,'2021-03-13 17:52:42','2021-03-18 23:13:35'),(22,22,70,'0','0',1,0,'2021-03-13 17:56:42','2021-03-15 00:33:56'),(23,23,70,'0','0',1,0,'2021-03-13 17:57:16','2021-03-15 00:33:56'),(24,24,70,'0','0',1,0,'2021-03-13 17:57:39','2021-03-15 00:33:56'),(25,25,70,'0','0',1,0,'2021-03-13 17:58:01','2021-03-15 00:33:56'),(26,26,70,'0','0',1,0,'2021-03-13 17:58:18','2021-03-15 00:33:56'),(27,27,70,'0','0',1,0,'2021-03-13 17:58:51','2021-03-15 00:33:56'),(28,28,70,'0','0',1,0,'2021-03-13 17:59:01','2021-03-15 00:33:56'),(29,29,70,'0','0',1,0,'2021-03-13 17:59:14','2021-03-15 00:33:56'),(30,30,70,'0','0',1,0,'2021-03-13 17:59:24','2021-03-19 15:55:36'),(31,31,70,'0','0',1,0,'2021-03-13 17:59:36','2021-03-19 15:55:49'),(32,32,70,'0','0',1,0,'2021-03-13 17:59:52','2021-03-19 15:56:06'),(33,33,70,'0','0',1,0,'2021-03-13 18:00:04','2021-03-19 15:56:15'),(34,34,70,'0','0',1,0,'2021-03-13 18:00:22','2021-03-15 00:33:56'),(35,35,70,'0','0',1,0,'2021-03-13 18:00:37','2021-03-15 00:33:56'),(36,36,70,'0','0',1,0,'2021-03-13 18:00:49','2021-03-15 00:33:56'),(37,37,70,'0','0',1,0,'2021-03-13 18:01:02','2021-03-19 15:49:30'),(38,38,70,'0','0',1,0,'2021-03-13 18:01:30','2021-03-19 15:49:44'),(39,39,70,'0','0',1,0,'2021-03-13 18:01:41','2021-03-15 00:33:56'),(40,40,70,'0','0',1,0,'2021-03-13 18:01:55','2021-03-15 00:33:56'),(41,41,70,'0','0',1,0,'2021-03-13 18:42:12','2021-03-15 00:33:56'),(42,42,70,'0','0',1,0,'2021-03-13 18:42:33','2021-03-15 00:33:56'),(43,43,70,'0','0',1,0,'2021-03-13 18:42:45','2021-03-15 00:33:56'),(44,44,70,'0','0',1,0,'2021-03-13 18:43:15','2021-03-15 00:33:56'),(45,45,70,'0','0',1,0,'2021-03-13 18:43:40','2021-03-15 00:33:56'),(46,46,70,'0','0',1,0,'2021-03-13 18:43:47','2021-03-15 00:33:56'),(47,47,70,'0','0',1,0,'2021-03-13 18:43:56','2021-03-15 00:33:56'),(48,48,70,'0','0',1,0,'2021-03-13 18:44:02','2021-03-15 00:33:56'),(49,49,70,'0','0',1,0,'2021-03-13 18:44:21','2021-03-15 00:33:56'),(50,50,70,'0','0',1,0,'2021-03-13 18:44:35','2021-03-15 00:33:56'),(51,51,70,'0','0',1,0,'2021-03-13 18:44:45','2021-03-15 00:33:56'),(52,52,70,'0','0',1,0,'2021-03-13 18:44:53','2021-03-15 00:33:56'),(53,53,70,'0','0',1,0,'2021-03-13 18:45:02','2021-03-15 00:33:56'),(54,54,70,'0','0',1,0,'2021-03-13 18:45:17','2021-03-15 00:33:56'),(55,55,70,'0','0',1,0,'2021-03-13 18:45:24','2021-03-15 00:33:56'),(56,56,70,'0','0',1,0,'2021-03-13 18:45:34','2021-03-15 00:33:56'),(57,57,70,'0','0',1,0,'2021-03-13 18:46:21','2021-03-15 00:33:56'),(58,58,70,'0','0',1,0,'2021-03-13 18:46:30','2021-03-15 00:33:56'),(59,59,70,'0','0',1,0,'2021-03-13 18:46:44','2021-03-15 00:33:56'),(60,60,70,'0','0',1,0,'2021-03-13 18:46:58','2021-03-15 00:33:56'),(61,61,70,'0','0',1,0,'2021-03-13 18:47:13','2021-03-15 00:33:56'),(62,62,70,'0','0',1,0,'2021-03-13 18:47:29','2021-03-15 00:33:56'),(63,63,70,'0','0',1,0,'2021-03-13 18:47:39','2021-03-15 00:33:56'),(64,64,70,'0','0',1,0,'2021-03-13 18:47:51','2021-03-15 00:33:56'),(65,65,70,'0','0',1,0,'2021-03-13 18:59:45','2021-03-15 00:33:56'),(66,66,70,'0','0',1,0,'2021-03-13 18:59:56','2021-03-15 00:33:56'),(67,67,70,'0','0',1,0,'2021-03-13 19:00:02','2021-03-15 00:33:56'),(68,68,70,'0','0',1,0,'2021-03-13 19:00:10','2021-03-15 00:33:56'),(69,69,70,'0','0',1,0,'2021-03-13 19:00:34','2021-03-15 00:33:56'),(70,70,70,'0','0',1,0,'2021-03-13 19:00:50','2021-03-15 00:33:56'),(71,71,70,'0','0',1,0,'2021-03-13 19:00:56','2021-03-15 00:33:56'),(72,72,70,'0','0',1,0,'2021-03-13 19:01:04','2021-03-15 00:33:56'),(73,73,70,'0','0',1,0,'2021-03-13 19:01:20','2021-03-15 00:33:56'),(74,74,70,'0','0',1,0,'2021-03-13 19:01:32','2021-03-15 00:33:56'),(75,75,70,'0','0',1,0,'2021-03-13 19:01:48','2021-03-15 00:33:56'),(76,76,70,'0','0',1,0,'2021-03-13 19:02:04','2021-03-15 00:33:56'),(77,77,70,'0','0',1,0,'2021-03-13 19:02:15','2021-03-15 00:33:56'),(78,78,70,'0','0',1,0,'2021-03-13 19:02:28','2021-03-15 00:33:56'),(79,79,70,'0','0',1,0,'2021-03-13 19:02:37','2021-03-15 00:33:56'),(80,80,70,'0','0',1,0,'2021-03-13 19:02:45','2021-03-15 00:33:56'),(81,81,70,'0','0',1,0,'2021-03-13 19:02:55','2021-03-15 00:33:56'),(82,82,70,'0','0',1,0,'2021-03-13 19:03:13','2021-03-15 00:33:56'),(83,83,70,'0','0',1,0,'2021-03-13 19:03:23','2021-03-15 00:33:56'),(84,84,70,'0','0',1,0,'2021-03-13 19:03:32','2021-03-15 00:33:56'),(85,85,70,'0','0',1,0,'2021-03-13 19:04:26','2021-03-15 00:33:56'),(86,86,70,'0','0',1,0,'2021-03-13 19:04:43','2021-03-15 00:33:56'),(87,87,70,'0','0',1,0,'2021-03-13 19:04:52','2021-03-15 00:33:56'),(88,88,70,'0','0',1,0,'2021-03-13 19:05:18','2021-03-15 00:33:56'),(89,89,70,'0','0',1,0,'2021-03-13 19:05:33','2021-03-15 00:33:56'),(90,90,70,'0','0',1,0,'2021-03-13 19:05:41','2021-03-15 00:33:56'),(91,91,70,'0','0',1,0,'2021-03-13 19:05:49','2021-03-15 00:33:56'),(92,92,70,'0','0',1,0,'2021-03-13 19:06:01','2021-03-15 00:33:56'),(93,93,70,'0','0',1,0,'2021-03-13 19:06:08','2021-03-15 00:33:56'),(94,1,72,'0','0',1,0,'2021-03-14 00:22:20','2021-03-14 21:57:08'),(95,2,72,'0','0',1,0,'2021-03-14 00:22:20','2021-03-14 21:57:08'),(96,3,72,'0','0',1,0,'2021-03-14 00:22:20','2021-03-14 21:57:08'),(97,4,72,'3','0',1,0,'2021-03-14 00:22:20','2021-03-14 21:57:08'),(98,5,72,'6','0',1,0,'2021-03-14 00:22:20','2021-03-14 21:57:08'),(99,6,72,'4','0',1,0,'2021-03-14 00:22:20','2021-03-14 21:57:08'),(100,7,72,'3','0',1,0,'2021-03-14 00:22:20','2021-03-14 21:57:08'),(101,8,72,'4','0',1,0,'2021-03-14 00:22:20','2021-03-14 21:57:08'),(102,9,72,'4','0',1,0,'2021-03-14 00:22:20','2021-03-14 21:57:08'),(103,10,72,'3','0',1,0,'2021-03-14 00:22:20','2021-03-14 21:57:08'),(104,11,72,'3','0',1,0,'2021-03-14 00:22:20','2021-03-14 21:57:08'),(105,12,72,'15','0',1,0,'2021-03-14 00:22:20','2021-03-14 21:57:08'),(106,13,72,'0','0',1,0,'2021-03-14 00:22:20','2021-03-18 23:12:38'),(107,14,72,'0','0',1,0,'2021-03-14 00:22:20','2021-03-18 23:12:55'),(108,15,72,'0','0',1,0,'2021-03-14 00:22:20','2021-03-18 23:13:03'),(109,16,72,'0','0',1,0,'2021-03-14 00:22:20','2021-03-18 23:13:47'),(110,17,72,'0','0',1,0,'2021-03-14 00:22:20','2021-03-18 23:13:56'),(111,18,72,'0','0',1,0,'2021-03-14 00:22:20','2021-03-18 23:14:14'),(112,19,72,'0','0',1,0,'2021-03-14 00:22:20','2021-03-18 23:13:13'),(113,20,72,'0','0',1,0,'2021-03-14 00:22:20','2021-03-18 23:13:25'),(114,21,72,'0','0',1,0,'2021-03-14 00:22:20','2021-03-18 23:13:35'),(115,22,72,'0','0',1,0,'2021-03-14 00:22:20','2021-03-14 21:57:08'),(116,23,72,'0','0',1,0,'2021-03-14 00:22:20','2021-03-14 21:57:08'),(117,24,72,'0','0',1,0,'2021-03-14 00:22:20','2021-03-14 21:57:08'),(118,25,72,'0','0',1,0,'2021-03-14 00:22:20','2021-03-14 21:57:08'),(119,26,72,'0','0',1,0,'2021-03-14 00:22:20','2021-03-14 21:57:08'),(120,27,72,'0','0',1,0,'2021-03-14 00:22:20','2021-03-14 21:57:08'),(121,28,72,'0','0',1,0,'2021-03-14 00:22:20','2021-03-14 21:57:08'),(122,29,72,'0','0',1,0,'2021-03-14 00:22:20','2021-03-14 21:57:08'),(123,30,72,'0','0',1,0,'2021-03-14 00:22:20','2021-03-19 15:55:36'),(124,31,72,'0','0',1,0,'2021-03-14 00:22:20','2021-03-19 15:55:49'),(125,32,72,'0','0',1,0,'2021-03-14 00:22:20','2021-03-19 15:56:06'),(126,33,72,'0','0',1,0,'2021-03-14 00:22:20','2021-03-19 15:56:15'),(127,34,72,'0','0',1,0,'2021-03-14 00:22:20','2021-03-14 21:57:08'),(128,35,72,'0','0',1,0,'2021-03-14 00:22:20','2021-03-14 21:57:08'),(129,36,72,'0','0',1,0,'2021-03-14 00:22:20','2021-03-14 21:57:08'),(130,37,72,'0','0',1,0,'2021-03-14 00:22:20','2021-03-19 15:49:30'),(131,38,72,'0','0',1,0,'2021-03-14 00:22:20','2021-03-19 15:49:44'),(132,39,72,'0','0',1,0,'2021-03-14 00:22:20','2021-03-14 21:57:08'),(133,40,72,'0','0',1,0,'2021-03-14 00:22:20','2021-03-14 21:57:08'),(134,41,72,'0','0',1,0,'2021-03-14 00:22:20','2021-03-14 21:57:08'),(135,42,72,'0','0',1,0,'2021-03-14 00:22:20','2021-03-14 21:57:08'),(136,43,72,'0','0',1,0,'2021-03-14 00:22:20','2021-03-14 21:57:08'),(137,44,72,'0','0',1,0,'2021-03-14 00:22:20','2021-03-14 21:57:08'),(138,45,72,'0','0',1,0,'2021-03-14 00:22:20','2021-03-14 21:57:08'),(139,46,72,'0','0',1,0,'2021-03-14 00:22:20','2021-03-14 21:57:08'),(140,47,72,'0','0',1,0,'2021-03-14 00:22:20','2021-03-14 21:57:08'),(141,48,72,'0','0',1,0,'2021-03-14 00:22:20','2021-03-14 21:57:08'),(142,49,72,'0','0',1,0,'2021-03-14 00:22:20','2021-03-14 21:57:08'),(143,50,72,'0','0',1,0,'2021-03-14 00:22:20','2021-03-14 21:57:08'),(144,51,72,'0','0',1,0,'2021-03-14 00:22:20','2021-03-14 21:57:08'),(145,52,72,'0','0',1,0,'2021-03-14 00:22:20','2021-03-14 21:57:08'),(146,53,72,'0','0',1,0,'2021-03-14 00:22:20','2021-03-14 21:57:08'),(147,54,72,'0','0',1,0,'2021-03-14 00:22:20','2021-03-14 21:57:08'),(148,55,72,'0','0',1,0,'2021-03-14 00:22:20','2021-03-14 21:57:08'),(149,56,72,'0','0',1,0,'2021-03-14 00:22:20','2021-03-14 21:57:08'),(150,57,72,'0','0',1,0,'2021-03-14 00:22:20','2021-03-14 21:57:08'),(151,58,72,'0','0',1,0,'2021-03-14 00:22:20','2021-03-14 21:57:08'),(152,59,72,'0','0',1,0,'2021-03-14 00:22:20','2021-03-14 21:57:08'),(153,60,72,'0','0',1,0,'2021-03-14 00:22:20','2021-03-14 21:57:08'),(154,61,72,'0','0',1,0,'2021-03-14 00:22:20','2021-03-14 21:57:08'),(155,62,72,'0','0',1,0,'2021-03-14 00:22:20','2021-03-14 21:57:08'),(156,63,72,'0','0',1,0,'2021-03-14 00:22:20','2021-03-14 21:57:08'),(157,64,72,'0','0',1,0,'2021-03-14 00:22:20','2021-03-14 21:57:08'),(158,65,72,'0','0',1,0,'2021-03-14 00:22:20','2021-03-14 21:57:08'),(159,66,72,'0','0',1,0,'2021-03-14 00:22:20','2021-03-14 21:57:08'),(160,67,72,'0','0',1,0,'2021-03-14 00:22:20','2021-03-14 21:57:08'),(161,68,72,'0','0',1,0,'2021-03-14 00:22:20','2021-03-14 21:57:08'),(162,69,72,'0','0',1,0,'2021-03-14 00:22:20','2021-03-14 21:57:08'),(163,70,72,'0','0',1,0,'2021-03-14 00:22:20','2021-03-14 21:57:08'),(164,71,72,'0','0',1,0,'2021-03-14 00:22:20','2021-03-14 21:57:08'),(165,72,72,'0','0',1,0,'2021-03-14 00:22:20','2021-03-14 21:57:08'),(166,73,72,'0','0',1,0,'2021-03-14 00:22:20','2021-03-14 21:57:08'),(167,74,72,'0','0',1,0,'2021-03-14 00:22:20','2021-03-14 21:57:08'),(168,75,72,'0','0',1,0,'2021-03-14 00:22:20','2021-03-14 21:57:08'),(169,76,72,'0','0',1,0,'2021-03-14 00:22:20','2021-03-14 21:57:08'),(170,77,72,'0','0',1,0,'2021-03-14 00:22:20','2021-03-14 21:57:08'),(171,78,72,'0','0',1,0,'2021-03-14 00:22:20','2021-03-14 21:57:08'),(172,79,72,'0','0',1,0,'2021-03-14 00:22:20','2021-03-14 21:57:08'),(173,80,72,'0','0',1,0,'2021-03-14 00:22:20','2021-03-14 21:57:08'),(174,81,72,'0','0',1,0,'2021-03-14 00:22:20','2021-03-14 21:57:08'),(175,82,72,'0','0',1,0,'2021-03-14 00:22:20','2021-03-14 21:57:08'),(176,83,72,'0','0',1,0,'2021-03-14 00:22:20','2021-03-14 21:57:08'),(177,84,72,'0','0',1,0,'2021-03-14 00:22:20','2021-03-14 21:57:08'),(178,85,72,'0','0',1,0,'2021-03-14 00:22:20','2021-03-14 21:57:08'),(179,86,72,'0','0',1,0,'2021-03-14 00:22:20','2021-03-14 21:57:08'),(180,87,72,'0','0',1,0,'2021-03-14 00:22:20','2021-03-14 21:57:08'),(181,88,72,'0','0',1,0,'2021-03-14 00:22:20','2021-03-14 21:57:08'),(182,89,72,'0','0',1,0,'2021-03-14 00:22:20','2021-03-14 21:57:08'),(183,90,72,'0','0',1,0,'2021-03-14 00:22:20','2021-03-14 21:57:08'),(184,91,72,'0','0',1,0,'2021-03-14 00:22:20','2021-03-14 21:57:08'),(185,92,72,'0','0',1,0,'2021-03-14 00:22:20','2021-03-14 21:57:08'),(186,93,72,'0','0',1,0,'2021-03-14 00:22:20','2021-03-14 21:57:08'),(187,1,73,'0','0',1,0,'2021-03-14 00:41:44','2021-03-14 22:52:41'),(188,2,73,'0','0',1,0,'2021-03-14 00:41:44','2021-03-14 22:52:41'),(189,3,73,'0','0',1,0,'2021-03-14 00:41:44','2021-03-14 22:52:41'),(190,4,73,'3','0',1,0,'2021-03-14 00:41:44','2021-03-14 22:52:41'),(191,5,73,'6','0',1,0,'2021-03-14 00:41:44','2021-03-14 22:52:41'),(192,6,73,'5','0',1,0,'2021-03-14 00:41:44','2021-03-14 22:52:41'),(193,7,73,'4','0',1,0,'2021-03-14 00:41:44','2021-03-14 22:52:41'),(194,8,73,'5','0',1,0,'2021-03-14 00:41:44','2021-03-14 22:52:41'),(195,9,73,'5','0',1,0,'2021-03-14 00:41:44','2021-03-14 22:52:41'),(196,10,73,'3','0',1,0,'2021-03-14 00:41:44','2021-03-14 22:52:41'),(197,11,73,'4','0',1,0,'2021-03-14 00:41:44','2021-03-14 22:52:41'),(198,12,73,'17','0',1,0,'2021-03-14 00:41:44','2021-03-14 22:52:41'),(199,13,73,'0','0',1,0,'2021-03-14 00:41:44','2021-03-18 23:12:38'),(200,14,73,'0','0',1,0,'2021-03-14 00:41:44','2021-03-18 23:12:55'),(201,15,73,'0','0',1,0,'2021-03-14 00:41:44','2021-03-18 23:13:03'),(202,16,73,'0','0',1,0,'2021-03-14 00:41:44','2021-03-18 23:13:47'),(203,17,73,'0','0',1,0,'2021-03-14 00:41:44','2021-03-18 23:13:56'),(204,18,73,'0','0',1,0,'2021-03-14 00:41:44','2021-03-18 23:14:14'),(205,19,73,'0','0',1,0,'2021-03-14 00:41:44','2021-03-18 23:13:13'),(206,20,73,'0','0',1,0,'2021-03-14 00:41:44','2021-03-18 23:13:25'),(207,21,73,'0','0',1,0,'2021-03-14 00:41:44','2021-03-18 23:13:35'),(208,22,73,'0','0',1,0,'2021-03-14 00:41:44','2021-03-14 22:52:41'),(209,23,73,'0','0',1,0,'2021-03-14 00:41:44','2021-03-14 22:52:41'),(210,24,73,'0','0',1,0,'2021-03-14 00:41:44','2021-03-14 22:52:41'),(211,25,73,'0','0',1,0,'2021-03-14 00:41:44','2021-03-14 22:52:41'),(212,26,73,'0','0',1,0,'2021-03-14 00:41:44','2021-03-14 22:52:41'),(213,27,73,'0','0',1,0,'2021-03-14 00:41:44','2021-03-14 22:52:41'),(214,28,73,'0','0',1,0,'2021-03-14 00:41:44','2021-03-14 22:52:41'),(215,29,73,'0','0',1,0,'2021-03-14 00:41:44','2021-03-14 22:52:41'),(216,30,73,'0','0',1,0,'2021-03-14 00:41:44','2021-03-19 15:55:36'),(217,31,73,'0','0',1,0,'2021-03-14 00:41:44','2021-03-19 15:55:49'),(218,32,73,'0','0',1,0,'2021-03-14 00:41:44','2021-03-19 15:56:06'),(219,33,73,'0','0',1,0,'2021-03-14 00:41:44','2021-03-19 15:56:15'),(220,34,73,'0','0',1,0,'2021-03-14 00:41:44','2021-03-14 22:52:41'),(221,35,73,'0','0',1,0,'2021-03-14 00:41:44','2021-03-14 22:52:41'),(222,36,73,'0','0',1,0,'2021-03-14 00:41:44','2021-03-14 22:52:41'),(223,37,73,'0','0',1,0,'2021-03-14 00:41:44','2021-03-19 15:49:30'),(224,38,73,'0','0',1,0,'2021-03-14 00:41:44','2021-03-19 15:49:44'),(225,39,73,'0','0',1,0,'2021-03-14 00:41:44','2021-03-14 22:52:41'),(226,40,73,'0','0',1,0,'2021-03-14 00:41:44','2021-03-14 22:52:41'),(227,41,73,'0','0',1,0,'2021-03-14 00:41:44','2021-03-14 22:52:41'),(228,42,73,'0','0',1,0,'2021-03-14 00:41:44','2021-03-14 22:52:41'),(229,43,73,'0','0',1,0,'2021-03-14 00:41:44','2021-03-14 22:52:41'),(230,44,73,'0','0',1,0,'2021-03-14 00:41:44','2021-03-14 22:52:41'),(231,45,73,'0','0',1,0,'2021-03-14 00:41:44','2021-03-14 22:52:41'),(232,46,73,'0','0',1,0,'2021-03-14 00:41:44','2021-03-14 22:52:41'),(233,47,73,'0','0',1,0,'2021-03-14 00:41:44','2021-03-14 22:52:41'),(234,48,73,'0','0',1,0,'2021-03-14 00:41:44','2021-03-14 22:52:41'),(235,49,73,'0','0',1,0,'2021-03-14 00:41:44','2021-03-14 22:52:41'),(236,50,73,'0','0',1,0,'2021-03-14 00:41:44','2021-03-14 22:52:41'),(237,51,73,'0','0',1,0,'2021-03-14 00:41:44','2021-03-14 22:52:41'),(238,52,73,'0','0',1,0,'2021-03-14 00:41:44','2021-03-14 22:52:41'),(239,53,73,'0','0',1,0,'2021-03-14 00:41:44','2021-03-14 22:52:41'),(240,54,73,'0','0',1,0,'2021-03-14 00:41:44','2021-03-14 22:52:41'),(241,55,73,'0','0',1,0,'2021-03-14 00:41:44','2021-03-14 22:52:41'),(242,56,73,'0','0',1,0,'2021-03-14 00:41:44','2021-03-14 22:52:41'),(243,57,73,'0','0',1,0,'2021-03-14 00:41:44','2021-03-14 22:52:41'),(244,58,73,'0','0',1,0,'2021-03-14 00:41:44','2021-03-14 22:52:41'),(245,59,73,'0','0',1,0,'2021-03-14 00:41:44','2021-03-14 22:52:41'),(246,60,73,'0','0',1,0,'2021-03-14 00:41:44','2021-03-14 22:52:41'),(247,61,73,'0','0',1,0,'2021-03-14 00:41:44','2021-03-14 22:52:41'),(248,62,73,'0','0',1,0,'2021-03-14 00:41:44','2021-03-14 22:52:41'),(249,63,73,'0','0',1,0,'2021-03-14 00:41:44','2021-03-14 22:52:41'),(250,64,73,'0','0',1,0,'2021-03-14 00:41:44','2021-03-14 22:52:41'),(251,65,73,'0','0',1,0,'2021-03-14 00:41:44','2021-03-14 22:52:41'),(252,66,73,'0','0',1,0,'2021-03-14 00:41:44','2021-03-14 22:52:41'),(253,67,73,'0','0',1,0,'2021-03-14 00:41:44','2021-03-14 22:52:41'),(254,68,73,'0','0',1,0,'2021-03-14 00:41:44','2021-03-14 22:52:41'),(255,69,73,'0','0',1,0,'2021-03-14 00:41:44','2021-03-14 22:52:41'),(256,70,73,'0','0',1,0,'2021-03-14 00:41:44','2021-03-14 22:52:41'),(257,71,73,'0','0',1,0,'2021-03-14 00:41:44','2021-03-14 22:52:41'),(258,72,73,'0','0',1,0,'2021-03-14 00:41:44','2021-03-14 22:52:41'),(259,73,73,'0','0',1,0,'2021-03-14 00:41:44','2021-03-14 22:52:41'),(260,74,73,'0','0',1,0,'2021-03-14 00:41:44','2021-03-14 22:52:41'),(261,75,73,'0','0',1,0,'2021-03-14 00:41:44','2021-03-14 22:52:41'),(262,76,73,'0','0',1,0,'2021-03-14 00:41:44','2021-03-14 22:52:41'),(263,77,73,'0','0',1,0,'2021-03-14 00:41:44','2021-03-14 22:52:41'),(264,78,73,'0','0',1,0,'2021-03-14 00:41:44','2021-03-14 22:52:41'),(265,79,73,'0','0',1,0,'2021-03-14 00:41:44','2021-03-14 22:52:41'),(266,80,73,'0','0',1,0,'2021-03-14 00:41:44','2021-03-14 22:52:41'),(267,81,73,'0','0',1,0,'2021-03-14 00:41:44','2021-03-14 22:52:41'),(268,82,73,'0','0',1,0,'2021-03-14 00:41:44','2021-03-14 22:52:41'),(269,83,73,'0','0',1,0,'2021-03-14 00:41:44','2021-03-14 22:52:41'),(270,84,73,'0','0',1,0,'2021-03-14 00:41:44','2021-03-14 22:52:41'),(271,85,73,'0','0',1,0,'2021-03-14 00:41:44','2021-03-14 22:52:41'),(272,86,73,'0','0',1,0,'2021-03-14 00:41:44','2021-03-14 22:52:41'),(273,87,73,'0','0',1,0,'2021-03-14 00:41:44','2021-03-14 22:52:41'),(274,88,73,'0','0',1,0,'2021-03-14 00:41:44','2021-03-14 22:52:41'),(275,89,73,'0','0',1,0,'2021-03-14 00:41:44','2021-03-14 22:52:41'),(276,90,73,'0','0',1,0,'2021-03-14 00:41:44','2021-03-14 22:52:41'),(277,91,73,'0','0',1,0,'2021-03-14 00:41:44','2021-03-14 22:52:41'),(278,92,73,'0','0',1,0,'2021-03-14 00:41:44','2021-03-14 22:52:41'),(279,93,73,'0','0',1,0,'2021-03-14 00:41:44','2021-03-14 22:52:41'),(280,1,74,'0','0',1,0,'2021-03-14 00:42:05','2021-03-14 22:55:22'),(281,2,74,'0','0',1,0,'2021-03-14 00:42:05','2021-03-14 22:55:22'),(282,3,74,'0','0',1,0,'2021-03-14 00:42:05','2021-03-14 22:55:22'),(283,4,74,'3','0',1,0,'2021-03-14 00:42:05','2021-03-14 22:55:22'),(284,5,74,'5','0',1,0,'2021-03-14 00:42:05','2021-03-14 22:55:22'),(285,6,74,'4','0',1,0,'2021-03-14 00:42:05','2021-03-14 22:55:22'),(286,7,74,'3','0',1,0,'2021-03-14 00:42:05','2021-03-14 22:55:22'),(287,8,74,'4','0',1,0,'2021-03-14 00:42:05','2021-03-14 22:55:22'),(288,9,74,'4','0',1,0,'2021-03-14 00:42:05','2021-03-14 22:55:22'),(289,10,74,'3','0',1,0,'2021-03-14 00:42:05','2021-03-14 22:55:22'),(290,11,74,'3','0',1,0,'2021-03-14 00:42:05','2021-03-14 22:55:22'),(291,12,74,'9','0',1,0,'2021-03-14 00:42:05','2021-03-14 22:55:22'),(292,13,74,'0','0',1,0,'2021-03-14 00:42:05','2021-03-18 23:12:38'),(293,14,74,'0','0',1,0,'2021-03-14 00:42:05','2021-03-18 23:12:55'),(294,15,74,'0','0',1,0,'2021-03-14 00:42:05','2021-03-18 23:13:03'),(295,16,74,'0','0',1,0,'2021-03-14 00:42:05','2021-03-18 23:13:47'),(296,17,74,'0','0',1,0,'2021-03-14 00:42:05','2021-03-18 23:13:56'),(297,18,74,'0','0',1,0,'2021-03-14 00:42:05','2021-03-18 23:14:14'),(298,19,74,'0','0',1,0,'2021-03-14 00:42:05','2021-03-18 23:13:13'),(299,20,74,'0','0',1,0,'2021-03-14 00:42:05','2021-03-18 23:13:25'),(300,21,74,'0','0',1,0,'2021-03-14 00:42:05','2021-03-18 23:13:35'),(301,22,74,'0','0',1,0,'2021-03-14 00:42:05','2021-03-14 22:55:22'),(302,23,74,'0','0',1,0,'2021-03-14 00:42:05','2021-03-14 22:55:22'),(303,24,74,'0','0',1,0,'2021-03-14 00:42:05','2021-03-14 22:55:22'),(304,25,74,'0','0',1,0,'2021-03-14 00:42:05','2021-03-14 22:55:22'),(305,26,74,'0','0',1,0,'2021-03-14 00:42:05','2021-03-14 22:55:22'),(306,27,74,'0','0',1,0,'2021-03-14 00:42:05','2021-03-14 22:55:22'),(307,28,74,'0','0',1,0,'2021-03-14 00:42:05','2021-03-14 22:55:22'),(308,29,74,'0','0',1,0,'2021-03-14 00:42:05','2021-03-14 22:55:22'),(309,30,74,'0','0',1,0,'2021-03-14 00:42:05','2021-03-19 15:55:36'),(310,31,74,'0','0',1,0,'2021-03-14 00:42:05','2021-03-19 15:55:49'),(311,32,74,'0','0',1,0,'2021-03-14 00:42:05','2021-03-19 15:56:06'),(312,33,74,'0','0',1,0,'2021-03-14 00:42:05','2021-03-19 15:56:15'),(313,34,74,'0','0',1,0,'2021-03-14 00:42:05','2021-03-14 22:55:22'),(314,35,74,'0','0',1,0,'2021-03-14 00:42:05','2021-03-14 22:55:22'),(315,36,74,'0','0',1,0,'2021-03-14 00:42:05','2021-03-14 22:55:22'),(316,37,74,'0','0',1,0,'2021-03-14 00:42:05','2021-03-19 15:49:30'),(317,38,74,'0','0',1,0,'2021-03-14 00:42:05','2021-03-19 15:49:44'),(318,39,74,'0','0',1,0,'2021-03-14 00:42:05','2021-03-14 22:55:22'),(319,40,74,'0','0',1,0,'2021-03-14 00:42:05','2021-03-14 22:55:22'),(320,41,74,'0','0',1,0,'2021-03-14 00:42:05','2021-03-14 22:55:22'),(321,42,74,'0','0',1,0,'2021-03-14 00:42:05','2021-03-14 22:55:22'),(322,43,74,'0','0',1,0,'2021-03-14 00:42:05','2021-03-14 22:55:22'),(323,44,74,'0','0',1,0,'2021-03-14 00:42:05','2021-03-14 22:55:22'),(324,45,74,'0','0',1,0,'2021-03-14 00:42:05','2021-03-14 22:55:22'),(325,46,74,'0','0',1,0,'2021-03-14 00:42:05','2021-03-14 22:55:22'),(326,47,74,'0','0',1,0,'2021-03-14 00:42:05','2021-03-14 22:55:22'),(327,48,74,'0','0',1,0,'2021-03-14 00:42:05','2021-03-14 22:55:22'),(328,49,74,'0','0',1,0,'2021-03-14 00:42:05','2021-03-14 22:55:22'),(329,50,74,'0','0',1,0,'2021-03-14 00:42:05','2021-03-14 22:55:22'),(330,51,74,'0','0',1,0,'2021-03-14 00:42:05','2021-03-14 22:55:22'),(331,52,74,'0','0',1,0,'2021-03-14 00:42:05','2021-03-14 22:55:22'),(332,53,74,'0','0',1,0,'2021-03-14 00:42:05','2021-03-14 22:55:22'),(333,54,74,'0','0',1,0,'2021-03-14 00:42:05','2021-03-14 22:55:22'),(334,55,74,'0','0',1,0,'2021-03-14 00:42:05','2021-03-14 22:55:22'),(335,56,74,'0','0',1,0,'2021-03-14 00:42:05','2021-03-14 22:55:22'),(336,57,74,'0','0',1,0,'2021-03-14 00:42:05','2021-03-14 22:55:22'),(337,58,74,'0','0',1,0,'2021-03-14 00:42:05','2021-03-14 22:55:22'),(338,59,74,'0','0',1,0,'2021-03-14 00:42:05','2021-03-14 22:55:22'),(339,60,74,'0','0',1,0,'2021-03-14 00:42:05','2021-03-14 22:55:22'),(340,61,74,'0','0',1,0,'2021-03-14 00:42:05','2021-03-14 22:55:22'),(341,62,74,'0','0',1,0,'2021-03-14 00:42:05','2021-03-14 22:55:22'),(342,63,74,'0','0',1,0,'2021-03-14 00:42:05','2021-03-14 22:55:22'),(343,64,74,'0','0',1,0,'2021-03-14 00:42:05','2021-03-14 22:55:22'),(344,65,74,'0','0',1,0,'2021-03-14 00:42:05','2021-03-14 22:55:22'),(345,66,74,'0','0',1,0,'2021-03-14 00:42:05','2021-03-14 22:55:22'),(346,67,74,'0','0',1,0,'2021-03-14 00:42:05','2021-03-14 22:55:22'),(347,68,74,'0','0',1,0,'2021-03-14 00:42:05','2021-03-14 22:55:22'),(348,69,74,'0','0',1,0,'2021-03-14 00:42:05','2021-03-14 22:55:22'),(349,70,74,'0','0',1,0,'2021-03-14 00:42:05','2021-03-14 22:55:22'),(350,71,74,'0','0',1,0,'2021-03-14 00:42:05','2021-03-14 22:55:22'),(351,72,74,'0','0',1,0,'2021-03-14 00:42:05','2021-03-14 22:55:22'),(352,73,74,'0','0',1,0,'2021-03-14 00:42:05','2021-03-14 22:55:22'),(353,74,74,'0','0',1,0,'2021-03-14 00:42:05','2021-03-14 22:55:22'),(354,75,74,'0','0',1,0,'2021-03-14 00:42:05','2021-03-14 22:55:22'),(355,76,74,'0','0',1,0,'2021-03-14 00:42:05','2021-03-14 22:55:22'),(356,77,74,'0','0',1,0,'2021-03-14 00:42:05','2021-03-14 22:55:22'),(357,78,74,'0','0',1,0,'2021-03-14 00:42:05','2021-03-14 22:55:22'),(358,79,74,'0','0',1,0,'2021-03-14 00:42:05','2021-03-14 22:55:22'),(359,80,74,'0','0',1,0,'2021-03-14 00:42:05','2021-03-14 22:55:22'),(360,81,74,'0','0',1,0,'2021-03-14 00:42:05','2021-03-14 22:55:22'),(361,82,74,'0','0',1,0,'2021-03-14 00:42:05','2021-03-14 22:55:22'),(362,83,74,'0','0',1,0,'2021-03-14 00:42:05','2021-03-14 22:55:22'),(363,84,74,'0','0',1,0,'2021-03-14 00:42:05','2021-03-14 22:55:22'),(364,85,74,'0','0',1,0,'2021-03-14 00:42:05','2021-03-14 22:55:22'),(365,86,74,'0','0',1,0,'2021-03-14 00:42:05','2021-03-14 22:55:22'),(366,87,74,'0','0',1,0,'2021-03-14 00:42:05','2021-03-14 22:55:22'),(367,88,74,'0','0',1,0,'2021-03-14 00:42:05','2021-03-14 22:55:22'),(368,89,74,'0','0',1,0,'2021-03-14 00:42:05','2021-03-14 22:55:22'),(369,90,74,'0','0',1,0,'2021-03-14 00:42:05','2021-03-14 22:55:22'),(370,91,74,'0','0',1,0,'2021-03-14 00:42:05','2021-03-14 22:55:22'),(371,92,74,'0','0',1,0,'2021-03-14 00:42:05','2021-03-14 22:55:22'),(372,93,74,'0','0',1,0,'2021-03-14 00:42:05','2021-03-14 22:55:22'),(373,1,75,'0','0',1,0,'2021-03-14 00:42:43','2021-03-14 22:56:31'),(374,2,75,'0','0',1,0,'2021-03-14 00:42:43','2021-03-14 22:56:31'),(375,3,75,'0','0',1,0,'2021-03-14 00:42:43','2021-03-14 22:56:31'),(376,4,75,'3','0',1,0,'2021-03-14 00:42:43','2021-03-14 22:56:31'),(377,5,75,'5','0',1,0,'2021-03-14 00:42:43','2021-03-14 22:56:31'),(378,6,75,'4','0',1,0,'2021-03-14 00:42:43','2021-03-14 22:56:31'),(379,7,75,'3','0',1,0,'2021-03-14 00:42:43','2021-03-14 22:56:31'),(380,8,75,'4','0',1,0,'2021-03-14 00:42:43','2021-03-14 22:56:31'),(381,9,75,'4','0',1,0,'2021-03-14 00:42:43','2021-03-14 22:56:31'),(382,10,75,'4','0',1,0,'2021-03-14 00:42:43','2021-03-14 22:56:31'),(383,11,75,'3','0',1,0,'2021-03-14 00:42:43','2021-03-14 22:56:31'),(384,12,75,'12','0',1,0,'2021-03-14 00:42:43','2021-03-14 22:56:31'),(385,13,75,'0','0',1,0,'2021-03-14 00:42:43','2021-03-18 23:12:38'),(386,14,75,'0','0',1,0,'2021-03-14 00:42:43','2021-03-18 23:12:55'),(387,15,75,'0','0',1,0,'2021-03-14 00:42:43','2021-03-18 23:13:03'),(388,16,75,'0','0',1,0,'2021-03-14 00:42:43','2021-03-18 23:13:47'),(389,17,75,'0','0',1,0,'2021-03-14 00:42:43','2021-03-18 23:13:56'),(390,18,75,'0','0',1,0,'2021-03-14 00:42:43','2021-03-18 23:14:14'),(391,19,75,'0','0',1,0,'2021-03-14 00:42:43','2021-03-18 23:13:13'),(392,20,75,'0','0',1,0,'2021-03-14 00:42:43','2021-03-18 23:13:25'),(393,21,75,'0','0',1,0,'2021-03-14 00:42:43','2021-03-18 23:13:35'),(394,22,75,'0','0',1,0,'2021-03-14 00:42:43','2021-03-14 22:56:31'),(395,23,75,'0','0',1,0,'2021-03-14 00:42:43','2021-03-14 22:56:31'),(396,24,75,'0','0',1,0,'2021-03-14 00:42:43','2021-03-14 22:56:31'),(397,25,75,'0','0',1,0,'2021-03-14 00:42:43','2021-03-14 22:56:31'),(398,26,75,'0','0',1,0,'2021-03-14 00:42:43','2021-03-14 22:56:31'),(399,27,75,'0','0',1,0,'2021-03-14 00:42:43','2021-03-14 22:56:31'),(400,28,75,'0','0',1,0,'2021-03-14 00:42:43','2021-03-14 22:56:31'),(401,29,75,'0','0',1,0,'2021-03-14 00:42:43','2021-03-14 22:56:31'),(402,30,75,'0','0',1,0,'2021-03-14 00:42:43','2021-03-19 15:55:36'),(403,31,75,'0','0',1,0,'2021-03-14 00:42:43','2021-03-19 15:55:49'),(404,32,75,'0','0',1,0,'2021-03-14 00:42:43','2021-03-19 15:56:06'),(405,33,75,'0','0',1,0,'2021-03-14 00:42:43','2021-03-19 15:56:15'),(406,34,75,'0','0',1,0,'2021-03-14 00:42:43','2021-03-14 22:56:31'),(407,35,75,'0','0',1,0,'2021-03-14 00:42:43','2021-03-14 22:56:31'),(408,36,75,'0','0',1,0,'2021-03-14 00:42:43','2021-03-14 22:56:31'),(409,37,75,'0','0',1,0,'2021-03-14 00:42:43','2021-03-19 15:49:30'),(410,38,75,'0','0',1,0,'2021-03-14 00:42:43','2021-03-19 15:49:44'),(411,39,75,'0','0',1,0,'2021-03-14 00:42:43','2021-03-14 22:56:31'),(412,40,75,'0','0',1,0,'2021-03-14 00:42:43','2021-03-14 22:56:31'),(413,41,75,'0','0',1,0,'2021-03-14 00:42:43','2021-03-14 22:56:31'),(414,42,75,'0','0',1,0,'2021-03-14 00:42:43','2021-03-14 22:56:31'),(415,43,75,'0','0',1,0,'2021-03-14 00:42:43','2021-03-14 22:56:31'),(416,44,75,'0','0',1,0,'2021-03-14 00:42:43','2021-03-14 22:56:31'),(417,45,75,'0','0',1,0,'2021-03-14 00:42:43','2021-03-14 22:56:31'),(418,46,75,'0','0',1,0,'2021-03-14 00:42:43','2021-03-14 22:56:31'),(419,47,75,'0','0',1,0,'2021-03-14 00:42:43','2021-03-14 22:56:31'),(420,48,75,'0','0',1,0,'2021-03-14 00:42:43','2021-03-14 22:56:31'),(421,49,75,'0','0',1,0,'2021-03-14 00:42:43','2021-03-14 22:56:31'),(422,50,75,'0','0',1,0,'2021-03-14 00:42:43','2021-03-14 22:56:31'),(423,51,75,'0','0',1,0,'2021-03-14 00:42:43','2021-03-14 22:56:31'),(424,52,75,'0','0',1,0,'2021-03-14 00:42:43','2021-03-14 22:56:31'),(425,53,75,'0','0',1,0,'2021-03-14 00:42:43','2021-03-14 22:56:31'),(426,54,75,'0','0',1,0,'2021-03-14 00:42:43','2021-03-14 22:56:31'),(427,55,75,'0','0',1,0,'2021-03-14 00:42:43','2021-03-14 22:56:31'),(428,56,75,'0','0',1,0,'2021-03-14 00:42:43','2021-03-14 22:56:31'),(429,57,75,'0','0',1,0,'2021-03-14 00:42:43','2021-03-14 22:56:31'),(430,58,75,'0','0',1,0,'2021-03-14 00:42:43','2021-03-14 22:56:31'),(431,59,75,'0','0',1,0,'2021-03-14 00:42:43','2021-03-14 22:56:31'),(432,60,75,'0','0',1,0,'2021-03-14 00:42:43','2021-03-14 22:56:31'),(433,61,75,'0','0',1,0,'2021-03-14 00:42:43','2021-03-14 22:56:31'),(434,62,75,'0','0',1,0,'2021-03-14 00:42:43','2021-03-14 22:56:31'),(435,63,75,'0','0',1,0,'2021-03-14 00:42:43','2021-03-14 22:56:31'),(436,64,75,'0','0',1,0,'2021-03-14 00:42:43','2021-03-14 22:56:31'),(437,65,75,'0','0',1,0,'2021-03-14 00:42:43','2021-03-14 22:56:31'),(438,66,75,'0','0',1,0,'2021-03-14 00:42:43','2021-03-14 22:56:31'),(439,67,75,'0','0',1,0,'2021-03-14 00:42:43','2021-03-14 22:56:31'),(440,68,75,'0','0',1,0,'2021-03-14 00:42:43','2021-03-14 22:56:31'),(441,69,75,'0','0',1,0,'2021-03-14 00:42:43','2021-03-14 22:56:31'),(442,70,75,'0','0',1,0,'2021-03-14 00:42:43','2021-03-14 22:56:31'),(443,71,75,'0','0',1,0,'2021-03-14 00:42:43','2021-03-14 22:56:31'),(444,72,75,'0','0',1,0,'2021-03-14 00:42:43','2021-03-14 22:56:31'),(445,73,75,'0','0',1,0,'2021-03-14 00:42:43','2021-03-14 22:56:31'),(446,74,75,'0','0',1,0,'2021-03-14 00:42:43','2021-03-14 22:56:31'),(447,75,75,'0','0',1,0,'2021-03-14 00:42:43','2021-03-14 22:56:31'),(448,76,75,'0','0',1,0,'2021-03-14 00:42:43','2021-03-14 22:56:31'),(449,77,75,'0','0',1,0,'2021-03-14 00:42:43','2021-03-14 22:56:31'),(450,78,75,'0','0',1,0,'2021-03-14 00:42:43','2021-03-14 22:56:31'),(451,79,75,'0','0',1,0,'2021-03-14 00:42:43','2021-03-14 22:56:31'),(452,80,75,'0','0',1,0,'2021-03-14 00:42:43','2021-03-14 22:56:31'),(453,81,75,'0','0',1,0,'2021-03-14 00:42:43','2021-03-14 22:56:31'),(454,82,75,'0','0',1,0,'2021-03-14 00:42:43','2021-03-14 22:56:31'),(455,83,75,'0','0',1,0,'2021-03-14 00:42:43','2021-03-14 22:56:31'),(456,84,75,'0','0',1,0,'2021-03-14 00:42:43','2021-03-14 22:56:31'),(457,85,75,'0','0',1,0,'2021-03-14 00:42:43','2021-03-14 22:56:31'),(458,86,75,'0','0',1,0,'2021-03-14 00:42:43','2021-03-14 22:56:31'),(459,87,75,'0','0',1,0,'2021-03-14 00:42:43','2021-03-14 22:56:31'),(460,88,75,'0','0',1,0,'2021-03-14 00:42:43','2021-03-14 22:56:31'),(461,89,75,'0','0',1,0,'2021-03-14 00:42:43','2021-03-14 22:56:31'),(462,90,75,'0','0',1,0,'2021-03-14 00:42:43','2021-03-14 22:56:31'),(463,91,75,'0','0',1,0,'2021-03-14 00:42:43','2021-03-14 22:56:31'),(464,92,75,'0','0',1,0,'2021-03-14 00:42:43','2021-03-14 22:56:31'),(465,93,75,'0','0',1,0,'2021-03-14 00:42:43','2021-03-14 22:56:31'),(466,1,76,'0','0',1,0,'2021-03-14 00:43:19','2021-03-14 22:54:18'),(467,2,76,'0','0',1,0,'2021-03-14 00:43:19','2021-03-14 22:54:18'),(468,3,76,'0','0',1,0,'2021-03-14 00:43:19','2021-03-14 22:54:18'),(469,4,76,'3','0',1,0,'2021-03-14 00:43:19','2021-03-14 22:54:18'),(470,5,76,'5','0',1,0,'2021-03-14 00:43:19','2021-03-14 22:54:18'),(471,6,76,'5','0',1,0,'2021-03-14 00:43:19','2021-03-14 22:54:18'),(472,7,76,'3','0',1,0,'2021-03-14 00:43:19','2021-03-14 22:54:18'),(473,8,76,'5','0',1,0,'2021-03-14 00:43:19','2021-03-14 22:54:18'),(474,9,76,'4','0',1,0,'2021-03-14 00:43:19','2021-03-14 22:54:18'),(475,10,76,'3','0',1,0,'2021-03-14 00:43:19','2021-03-14 22:54:18'),(476,11,76,'3','0',1,0,'2021-03-14 00:43:19','2021-03-14 22:54:18'),(477,12,76,'18','0',1,0,'2021-03-14 00:43:19','2021-03-14 22:54:18'),(478,13,76,'0','0',1,0,'2021-03-14 00:43:19','2021-03-18 23:12:38'),(479,14,76,'0','0',1,0,'2021-03-14 00:43:19','2021-03-18 23:12:55'),(480,15,76,'0','0',1,0,'2021-03-14 00:43:19','2021-03-18 23:13:03'),(481,16,76,'0','0',1,0,'2021-03-14 00:43:19','2021-03-18 23:13:47'),(482,17,76,'0','0',1,0,'2021-03-14 00:43:19','2021-03-18 23:13:56'),(483,18,76,'0','0',1,0,'2021-03-14 00:43:19','2021-03-18 23:14:14'),(484,19,76,'0','0',1,0,'2021-03-14 00:43:19','2021-03-18 23:13:13'),(485,20,76,'0','0',1,0,'2021-03-14 00:43:19','2021-03-18 23:13:25'),(486,21,76,'0','0',1,0,'2021-03-14 00:43:19','2021-03-18 23:13:35'),(487,22,76,'0','0',1,0,'2021-03-14 00:43:19','2021-03-14 22:54:18'),(488,23,76,'0','0',1,0,'2021-03-14 00:43:19','2021-03-14 22:54:18'),(489,24,76,'0','0',1,0,'2021-03-14 00:43:19','2021-03-14 22:54:18'),(490,25,76,'0','0',1,0,'2021-03-14 00:43:19','2021-03-14 22:54:18'),(491,26,76,'0','0',1,0,'2021-03-14 00:43:19','2021-03-14 22:54:18'),(492,27,76,'0','0',1,0,'2021-03-14 00:43:19','2021-03-14 22:54:18'),(493,28,76,'0','0',1,0,'2021-03-14 00:43:19','2021-03-14 22:54:18'),(494,29,76,'0','0',1,0,'2021-03-14 00:43:19','2021-03-14 22:54:18'),(495,30,76,'0','0',1,0,'2021-03-14 00:43:19','2021-03-19 15:55:36'),(496,31,76,'0','0',1,0,'2021-03-14 00:43:19','2021-03-19 15:55:49'),(497,32,76,'0','0',1,0,'2021-03-14 00:43:19','2021-03-19 15:56:06'),(498,33,76,'0','0',1,0,'2021-03-14 00:43:19','2021-03-19 15:56:15'),(499,34,76,'0','0',1,0,'2021-03-14 00:43:19','2021-03-14 22:54:18'),(500,35,76,'0','0',1,0,'2021-03-14 00:43:19','2021-03-14 22:54:18'),(501,36,76,'0','0',1,0,'2021-03-14 00:43:19','2021-03-14 22:54:18'),(502,37,76,'0','0',1,0,'2021-03-14 00:43:19','2021-03-19 15:49:30'),(503,38,76,'0','0',1,0,'2021-03-14 00:43:19','2021-03-19 15:49:44'),(504,39,76,'0','0',1,0,'2021-03-14 00:43:19','2021-03-14 22:54:18'),(505,40,76,'0','0',1,0,'2021-03-14 00:43:19','2021-03-14 22:54:18'),(506,41,76,'0','0',1,0,'2021-03-14 00:43:19','2021-03-14 22:54:18'),(507,42,76,'0','0',1,0,'2021-03-14 00:43:19','2021-03-14 22:54:18'),(508,43,76,'0','0',1,0,'2021-03-14 00:43:19','2021-03-14 22:54:18'),(509,44,76,'0','0',1,0,'2021-03-14 00:43:19','2021-03-14 22:54:18'),(510,45,76,'0','0',1,0,'2021-03-14 00:43:19','2021-03-14 22:54:18'),(511,46,76,'0','0',1,0,'2021-03-14 00:43:19','2021-03-14 22:54:18'),(512,47,76,'0','0',1,0,'2021-03-14 00:43:19','2021-03-14 22:54:18'),(513,48,76,'0','0',1,0,'2021-03-14 00:43:19','2021-03-14 22:54:18'),(514,49,76,'0','0',1,0,'2021-03-14 00:43:19','2021-03-14 22:54:18'),(515,50,76,'0','0',1,0,'2021-03-14 00:43:19','2021-03-14 22:54:18'),(516,51,76,'0','0',1,0,'2021-03-14 00:43:19','2021-03-14 22:54:18'),(517,52,76,'0','0',1,0,'2021-03-14 00:43:19','2021-03-14 22:54:18'),(518,53,76,'0','0',1,0,'2021-03-14 00:43:19','2021-03-14 22:54:18'),(519,54,76,'0','0',1,0,'2021-03-14 00:43:19','2021-03-14 22:54:18'),(520,55,76,'0','0',1,0,'2021-03-14 00:43:19','2021-03-14 22:54:18'),(521,56,76,'0','0',1,0,'2021-03-14 00:43:19','2021-03-14 22:54:18'),(522,57,76,'0','0',1,0,'2021-03-14 00:43:19','2021-03-14 22:54:18'),(523,58,76,'0','0',1,0,'2021-03-14 00:43:19','2021-03-14 22:54:18'),(524,59,76,'0','0',1,0,'2021-03-14 00:43:19','2021-03-14 22:54:18'),(525,60,76,'0','0',1,0,'2021-03-14 00:43:19','2021-03-14 22:54:18'),(526,61,76,'0','0',1,0,'2021-03-14 00:43:19','2021-03-14 22:54:18'),(527,62,76,'0','0',1,0,'2021-03-14 00:43:19','2021-03-14 22:54:18'),(528,63,76,'0','0',1,0,'2021-03-14 00:43:19','2021-03-14 22:54:18'),(529,64,76,'0','0',1,0,'2021-03-14 00:43:19','2021-03-14 22:54:18'),(530,65,76,'0','0',1,0,'2021-03-14 00:43:19','2021-03-14 22:54:18'),(531,66,76,'0','0',1,0,'2021-03-14 00:43:19','2021-03-14 22:54:18'),(532,67,76,'0','0',1,0,'2021-03-14 00:43:19','2021-03-14 22:54:18'),(533,68,76,'0','0',1,0,'2021-03-14 00:43:19','2021-03-14 22:54:18'),(534,69,76,'0','0',1,0,'2021-03-14 00:43:19','2021-03-14 22:54:18'),(535,70,76,'0','0',1,0,'2021-03-14 00:43:19','2021-03-14 22:54:18'),(536,71,76,'0','0',1,0,'2021-03-14 00:43:19','2021-03-14 22:54:18'),(537,72,76,'0','0',1,0,'2021-03-14 00:43:19','2021-03-14 22:54:18'),(538,73,76,'0','0',1,0,'2021-03-14 00:43:19','2021-03-14 22:54:18'),(539,74,76,'0','0',1,0,'2021-03-14 00:43:19','2021-03-14 22:54:18'),(540,75,76,'0','0',1,0,'2021-03-14 00:43:19','2021-03-14 22:54:18'),(541,76,76,'0','0',1,0,'2021-03-14 00:43:19','2021-03-14 22:54:18'),(542,77,76,'0','0',1,0,'2021-03-14 00:43:19','2021-03-14 22:54:18'),(543,78,76,'0','0',1,0,'2021-03-14 00:43:19','2021-03-14 22:54:18'),(544,79,76,'0','0',1,0,'2021-03-14 00:43:19','2021-03-14 22:54:18'),(545,80,76,'0','0',1,0,'2021-03-14 00:43:19','2021-03-14 22:54:18'),(546,81,76,'0','0',1,0,'2021-03-14 00:43:19','2021-03-14 22:54:18'),(547,82,76,'0','0',1,0,'2021-03-14 00:43:19','2021-03-14 22:54:18'),(548,83,76,'0','0',1,0,'2021-03-14 00:43:19','2021-03-14 22:54:18'),(549,84,76,'0','0',1,0,'2021-03-14 00:43:19','2021-03-14 22:54:18'),(550,85,76,'0','0',1,0,'2021-03-14 00:43:19','2021-03-14 22:54:18'),(551,86,76,'0','0',1,0,'2021-03-14 00:43:19','2021-03-14 22:54:18'),(552,87,76,'0','0',1,0,'2021-03-14 00:43:19','2021-03-14 22:54:18'),(553,88,76,'0','0',1,0,'2021-03-14 00:43:19','2021-03-14 22:54:18'),(554,89,76,'0','0',1,0,'2021-03-14 00:43:19','2021-03-14 22:54:18'),(555,90,76,'0','0',1,0,'2021-03-14 00:43:19','2021-03-14 22:54:18'),(556,91,76,'0','0',1,0,'2021-03-14 00:43:19','2021-03-14 22:54:18'),(557,92,76,'0','0',1,0,'2021-03-14 00:43:19','2021-03-14 22:54:18'),(558,93,76,'0','0',1,0,'2021-03-14 00:43:19','2021-03-14 22:54:18');

/*Table structure for table `quote_detail` */

DROP TABLE IF EXISTS `quote_detail`;

CREATE TABLE `quote_detail` (
  `id` bigint(10) NOT NULL AUTO_INCREMENT,
  `name` varchar(250) COLLATE utf8mb4_unicode_ci DEFAULT NULL,
  `value` decimal(10,0) DEFAULT NULL,
  `from` datetime DEFAULT NULL,
  `to` datetime DEFAULT NULL,
  `productId` bigint(10) DEFAULT NULL,
  `storeId` tinyint(10) DEFAULT NULL,
  `status` tinyint(1) DEFAULT '1',
  `delete` tinyint(1) DEFAULT '0',
  `created` datetime DEFAULT NULL,
  PRIMARY KEY (`id`)
) ENGINE=MyISAM AUTO_INCREMENT=2 DEFAULT CHARSET=utf8mb4 COLLATE=utf8mb4_unicode_ci;

/*Data for the table `quote_detail` */

/*Table structure for table `stores` */

DROP TABLE IF EXISTS `stores`;

CREATE TABLE `stores` (
  `id` bigint(11) NOT NULL,
  `name` varchar(255) DEFAULT NULL,
  `slug` varchar(255) DEFAULT NULL,
  `content` text,
  `address` varchar(250) DEFAULT NULL,
  `order` decimal(10,0) DEFAULT NULL,
  `storeApp` bigint(11) DEFAULT NULL,
  `status` tinyint(1) DEFAULT '1',
  `delete` tinyint(1) DEFAULT '0',
  `created` datetime DEFAULT NULL
) ENGINE=MyISAM DEFAULT CHARSET=utf8;

/*Data for the table `stores` */

insert  into `stores`(`id`,`name`,`slug`,`content`,`address`,`order`,`storeApp`,`status`,`delete`,`created`) values (75,'Leo DHNT','leo-dhnt','','','11',0,1,0,'2021-03-14 00:42:43'),(74,'Leo 16NC','leo-16nc','',NULL,'5',NULL,1,0,'2021-03-14 00:42:05'),(70,'MILANO LHP','milano-lhp','','','15',0,1,0,'2021-03-13 15:36:34'),(73,'Leo 18QT','leo-18qt','',NULL,'5',NULL,1,0,'2021-03-14 00:41:44'),(72,'Leo NTMK','leo-ntmk','',NULL,'5',NULL,1,0,'2021-03-14 00:22:20'),(76,'Leo 111PL','leo-111pl','','','10',0,1,0,'2021-03-14 00:43:19');

/*Table structure for table `users` */

DROP TABLE IF EXISTS `users`;

CREATE TABLE `users` (
  `id` bigint(10) NOT NULL AUTO_INCREMENT,
  `phone` varchar(20) COLLATE utf8mb4_unicode_ci DEFAULT NULL,
  `password` varchar(50) COLLATE utf8mb4_unicode_ci DEFAULT NULL,
  `name` varchar(50) COLLATE utf8mb4_unicode_ci DEFAULT NULL,
  `address` varchar(250) COLLATE utf8mb4_unicode_ci DEFAULT NULL,
  `email` varchar(50) COLLATE utf8mb4_unicode_ci DEFAULT NULL,
  `storeId` varchar(20) COLLATE utf8mb4_unicode_ci DEFAULT NULL,
  `status` tinyint(1) DEFAULT '1',
  `delete` tinyint(1) DEFAULT '0',
  `created` datetime DEFAULT NULL,
  PRIMARY KEY (`id`)
) ENGINE=MyISAM AUTO_INCREMENT=14 DEFAULT CHARSET=utf8mb4 COLLATE=utf8mb4_unicode_ci;

/*Data for the table `users` */

insert  into `users`(`id`,`phone`,`password`,`name`,`address`,`email`,`storeId`,`status`,`delete`,`created`) values (7,'tin','c20ad4d76fe97759aa27a0c99bff6710','Nguyn Thnh Tn','17-19 Myuna Street Regency Park Adelaide South Australia','thanhtin0912@gmail.com','70',1,0,'2021-03-13 19:09:29'),(8,'11111','390ba5f6b5f18dd4c63d7cda170a0c74','NTMK','','','72',1,0,'2021-03-14 00:26:02'),(9,'111112','390ba5f6b5f18dd4c63d7cda170a0c74','Quang Trung','','','73',1,0,'2021-03-14 01:12:50'),(10,'111113','390ba5f6b5f18dd4c63d7cda170a0c74','Nguyn Chnh','','','74',1,0,'2021-03-14 01:14:03'),(11,'111114','390ba5f6b5f18dd4c63d7cda170a0c74','DHNT','','','75',1,0,'2021-03-14 01:14:52'),(12,'111115','390ba5f6b5f18dd4c63d7cda170a0c74','Phc Long','','','76',1,0,'2021-03-14 01:15:26'),(13,'111116','390ba5f6b5f18dd4c63d7cda170a0c74','Milano','','','70',1,0,'2021-03-14 01:17:06');

/*!40101 SET SQL_MODE=@OLD_SQL_MODE */;
/*!40014 SET FOREIGN_KEY_CHECKS=@OLD_FOREIGN_KEY_CHECKS */;
/*!40014 SET UNIQUE_CHECKS=@OLD_UNIQUE_CHECKS */;
/*!40111 SET SQL_NOTES=@OLD_SQL_NOTES */;
